CREATE TABLE `asset_category` (
                                  `id` bigint(20) NOT NULL,
                                  `created_by` varchar(36) DEFAULT NULL,
                                  `created_on` datetime DEFAULT NULL,
                                  `modified_by` varchar(36) DEFAULT NULL,
                                  `modified_on` datetime DEFAULT NULL,
                                  `short_order` bigint(20) DEFAULT NULL,
                                  `version` bigint(20) DEFAULT NULL,
                                  `code` varchar(100) DEFAULT NULL,
                                  `name` varchar(255) DEFAULT NULL,
                                  `description` varchar(255) DEFAULT NULL
) ENGINE=InnoDB DEFAULT CHARSET=utf8mb4;

ALTER TABLE `asset_category`
    ADD PRIMARY KEY (`id`);

ALTER TABLE `asset_category`
    MODIFY `id` bigint(20) NOT NULL AUTO_INCREMENT, AUTO_INCREMENT=4;

CREATE TABLE `business_value` (
                                  `id` bigint(20) NOT NULL,
                                  `created_by` varchar(36) DEFAULT NULL,
                                  `created_on` datetime DEFAULT NULL,
                                  `modified_by` varchar(36) DEFAULT NULL,
                                  `modified_on` datetime DEFAULT NULL,
                                  `short_order` bigint(20) DEFAULT NULL,
                                  `version` bigint(20) DEFAULT NULL,
                                  `code` varchar(100) DEFAULT NULL,
                                  `name` varchar(255) DEFAULT NULL,
                                  `description` varchar(255) DEFAULT NULL
) ENGINE=InnoDB DEFAULT CHARSET=utf8mb4;

ALTER TABLE `business_value`
    ADD PRIMARY KEY (`id`);

ALTER TABLE `business_value`
    MODIFY `id` bigint(20) NOT NULL AUTO_INCREMENT, AUTO_INCREMENT=6;


CREATE TABLE `capec` (
                         `id` bigint(20) NOT NULL,
                         `created_by` varchar(36) DEFAULT NULL,
                         `created_on` datetime DEFAULT NULL,
                         `modified_by` varchar(36) DEFAULT NULL,
                         `modified_on` datetime DEFAULT NULL,
                         `short_order` bigint(20) DEFAULT NULL,
                         `version` bigint(20) DEFAULT NULL,
                         `capec_id` bigint(20) DEFAULT NULL,
                         `code` varchar(50) DEFAULT NULL,
                         `name` varchar(100) DEFAULT NULL,
                         `ma_category1` varchar(100) DEFAULT NULL,
                         `ma_category2` varchar(100) DEFAULT NULL,
                         `ma_category3` varchar(100) DEFAULT NULL,
                         `ma_category4` varchar(100) DEFAULT NULL,
                         `ma_category5` varchar(100) DEFAULT NULL
) ENGINE=InnoDB DEFAULT CHARSET=utf8mb4;

ALTER TABLE `capec`
    ADD PRIMARY KEY (`id`);

ALTER TABLE `capec`
    MODIFY `id` bigint(20) NOT NULL AUTO_INCREMENT, AUTO_INCREMENT=547;


CREATE TABLE `asset_type_group` (
                                    `id` bigint(20) NOT NULL,
                                    `created_by` varchar(36) DEFAULT NULL,
                                    `created_on` datetime DEFAULT NULL,
                                    `modified_by` varchar(36) DEFAULT NULL,
                                    `modified_on` datetime DEFAULT NULL,
                                    `short_order` bigint(20) DEFAULT NULL,
                                    `version` bigint(20) DEFAULT NULL,
                                    `code` varchar(255) DEFAULT NULL,
                                    `name` varchar(255) DEFAULT NULL,
                                    `description` varchar(500) DEFAULT NULL
) ENGINE=InnoDB DEFAULT CHARSET=utf8mb4;

ALTER TABLE `asset_type_group`
    ADD PRIMARY KEY (`id`);

ALTER TABLE `asset_type_group`
    MODIFY `id` bigint(20) NOT NULL AUTO_INCREMENT, AUTO_INCREMENT=11;

CREATE TABLE `asset_relationship` (
                                      `id` bigint(20) NOT NULL,
                                      `created_by` varchar(36) DEFAULT NULL,
                                      `created_on` datetime DEFAULT NULL,
                                      `modified_by` varchar(36) DEFAULT NULL,
                                      `modified_on` datetime DEFAULT NULL,
                                      `short_order` bigint(20) DEFAULT NULL,
                                      `version` bigint(20) DEFAULT NULL,
                                      `code` varchar(100) DEFAULT NULL,
                                      `name` varchar(255) DEFAULT NULL,
                                      `description` varchar(255) DEFAULT NULL
) ENGINE=InnoDB DEFAULT CHARSET=utf8mb4;

ALTER TABLE `asset_relationship`
    ADD PRIMARY KEY (`id`);

ALTER TABLE `asset_relationship`
    MODIFY `id` bigint(20) NOT NULL AUTO_INCREMENT, AUTO_INCREMENT=14;

CREATE TABLE `asset_type` (
                              `id` bigint(20) NOT NULL,
                              `created_by` varchar(36) DEFAULT NULL,
                              `created_on` datetime DEFAULT NULL,
                              `modified_by` varchar(36) DEFAULT NULL,
                              `modified_on` datetime DEFAULT NULL,
                              `short_order` bigint(20) DEFAULT NULL,
                              `version` bigint(20) DEFAULT NULL,
                              `name` varchar(255) DEFAULT NULL,
                              `code` varchar(50) DEFAULT NULL,
                              `asset_type_group_id` bigint(20) DEFAULT NULL
) ENGINE=InnoDB DEFAULT CHARSET=utf8mb4;

ALTER TABLE `asset_type`
    ADD PRIMARY KEY (`id`);

ALTER TABLE `asset_type`
    MODIFY `id` bigint(20) NOT NULL AUTO_INCREMENT, AUTO_INCREMENT=488;

CREATE TABLE `cis_control` (
                               `id` bigint(20) NOT NULL,
                               `created_by` varchar(36) DEFAULT NULL,
                               `created_on` datetime DEFAULT NULL,
                               `modified_by` varchar(36) DEFAULT NULL,
                               `modified_on` datetime DEFAULT NULL,
                               `short_order` bigint(20) DEFAULT NULL,
                               `version` bigint(20) DEFAULT NULL,
                               `code` varchar(255) DEFAULT NULL,
                               `title` varchar(255) DEFAULT NULL,
                               `description` text DEFAULT NULL,
                               `security_function` varchar(20) DEFAULT NULL,
                               `cis_control_category_id` bigint(20) DEFAULT NULL,
                               `asset_type_group_id` bigint(20) DEFAULT NULL,
                               `cis_asset_type` varchar(30) DEFAULT NULL
) ENGINE=InnoDB DEFAULT CHARSET=utf8mb4;

ALTER TABLE `cis_control`
    ADD PRIMARY KEY (`id`);

ALTER TABLE `cis_control`
    MODIFY `id` bigint(20) NOT NULL AUTO_INCREMENT, AUTO_INCREMENT=154;

CREATE TABLE `cis_control_category` (
                                        `id` bigint(20) NOT NULL,
                                        `created_by` varchar(36) DEFAULT NULL,
                                        `created_on` datetime DEFAULT NULL,
                                        `modified_by` varchar(36) DEFAULT NULL,
                                        `modified_on` datetime DEFAULT NULL,
                                        `version` bigint(20) DEFAULT NULL,
                                        `code` varchar(255) DEFAULT NULL,
                                        `title` varchar(255) DEFAULT NULL,
                                        `description` text DEFAULT NULL
) ENGINE=InnoDB DEFAULT CHARSET=utf8mb4;

ALTER TABLE `cis_control_category`
    ADD PRIMARY KEY (`id`);

ALTER TABLE `cis_control_category`
    MODIFY `id` bigint(20) NOT NULL AUTO_INCREMENT, AUTO_INCREMENT=19;

CREATE TABLE `intangible_asset` (
                                    `id` bigint(20) NOT NULL,
                                    `created_by` varchar(36) DEFAULT NULL,
                                    `created_on` datetime DEFAULT NULL,
                                    `modified_by` varchar(36) DEFAULT NULL,
                                    `modified_on` datetime DEFAULT NULL,
                                    `short_order` bigint(20) DEFAULT NULL,
                                    `version` bigint(20) DEFAULT NULL,
                                    `code` varchar(50) DEFAULT NULL,
                                    `name` varchar(100) DEFAULT NULL,
                                    `description` varchar(500) DEFAULT NULL
) ENGINE=InnoDB DEFAULT CHARSET=utf8mb4;

ALTER TABLE `intangible_asset`
    ADD PRIMARY KEY (`id`);

ALTER TABLE `intangible_asset`
    MODIFY `id` bigint(20) NOT NULL AUTO_INCREMENT, AUTO_INCREMENT=8;

INSERT INTO `cve_search_settings` (`id`, `created_by`, `created_on`, `modified_by`, `modified_on`, `short_order`, `server_url`, `vendor_table_name`) VALUES
('fe33af97-8167-4a55-8b81-3008807520c2', '20', '2022-04-27 11:51:44', '20', '2022-04-27 11:51:44', NULL, 'https://cvepremium.circl.lu/api', 'cve_search_vendor');

INSERT INTO `asset_category` (`id`, `created_by`, `created_on`, `modified_by`, `modified_on`, `short_order`, `version`, `code`, `name`, `description`) VALUES
(1, NULL, NULL, NULL, NULL, NULL, NULL, 'o', 'Operating System', 'Operating System'),
(2, NULL, NULL, NULL, NULL, NULL, NULL, 'h', 'Hardware', 'Hardware'),
(3, NULL, NULL, NULL, NULL, NULL, NULL, 'a', 'Application', 'Application');

INSERT INTO `business_value` (`id`, `created_by`, `created_on`, `modified_by`, `modified_on`, `short_order`, `version`, `code`, `name`, `description`) VALUES
(1, NULL, NULL, NULL, NULL, NULL, NULL, NULL, 'Very Low', NULL),
(2, NULL, NULL, NULL, NULL, NULL, NULL, NULL, 'Low', NULL),
(3, NULL, NULL, NULL, NULL, NULL, NULL, NULL, 'Medium', NULL),
(4, NULL, NULL, NULL, NULL, NULL, NULL, NULL, 'High', NULL),
(5, NULL, NULL, NULL, NULL, NULL, NULL, NULL, 'Very High', NULL);

INSERT INTO `capec` (`id`, `created_by`, `created_on`, `modified_by`, `modified_on`, `short_order`, `version`, `capec_id`, `code`, `name`, `ma_category1`, `ma_category2`, `ma_category3`, `ma_category4`, `ma_category5`) VALUES
(1, NULL, NULL, NULL, NULL, NULL, NULL, 1, 'capec-1', 'Accessing Functionality Not Properly Constrained by ACLs', 'Subvert Access Control', 'Privilege Abuse', '#Accessing Functionality Not Properly Constrained by ACLs', '', ''),
(2, NULL, NULL, NULL, NULL, NULL, NULL, 10, 'capec-10', 'Buffer Overflow via Environment Variables', 'Manipulate Data Structures', 'Buffer Manipulation', 'Overflow Buffers', '#Buffer Overflow via Environment Variables', ''),
(3, NULL, NULL, NULL, NULL, NULL, NULL, 100, 'capec-100', 'Overflow Buffers', 'Manipulate Data Structures', 'Buffer Manipulation', '#Overflow Buffers', '', ''),
(4, NULL, NULL, NULL, NULL, NULL, NULL, 101, 'capec-101', 'Server Side Include (SSI) Injection', 'Inject Unexpected Items', 'Code Inclusion', 'Remote Code Inclusion', '#Server Side Include (SSI) Injection', ''),
(5, NULL, NULL, NULL, NULL, NULL, NULL, 102, 'capec-102', 'Session Sidejacking', 'Subvert Access Control', 'Exploitation of Trusted Identifiers', 'Session Hijacking', '#Session Sidejacking', ''),
(6, NULL, NULL, NULL, NULL, NULL, NULL, 103, 'capec-103', 'Clickjacking', 'Engage in Deceptive Interactions', 'Action Spoofing', '#Clickjacking', '', ''),
(7, NULL, NULL, NULL, NULL, NULL, NULL, 104, 'capec-104', 'Cross Zone Scripting', 'Subvert Access Control', 'Privilege Escalation', '#Cross Zone Scripting', '', ''),
(8, NULL, NULL, NULL, NULL, NULL, NULL, 105, 'capec-105', 'HTTP Request Splitting', 'Abuse Existing Functionality', 'Protocol Manipulation', 'Client-Server Protocol Manipulation', '#HTTP Request Splitting', ''),
(9, NULL, NULL, NULL, NULL, NULL, NULL, 107, 'capec-107', 'Cross Site Tracing', 'Subvert Access Control', 'Exploitation of Trusted Identifiers', 'Session Hijacking', '#Cross Site Tracing', ''),
(10, NULL, NULL, NULL, NULL, NULL, NULL, 108, 'capec-108', 'Command Line Execution through SQL Injection', 'Inject Unexpected Items', 'Command Injection', 'SQL Injection', '#Command Line Execution through SQL Injection', ''),
(11, NULL, NULL, NULL, NULL, NULL, NULL, 109, 'capec-109', 'Object Relational Mapping Injection', 'Inject Unexpected Items', 'Command Injection', 'SQL Injection', '#Object Relational Mapping Injection', ''),
(12, NULL, NULL, NULL, NULL, NULL, NULL, 11, 'capec-11', 'Cause Web Server Misclassification', 'Manipulate System Resources', 'File Manipulation', 'Alternative Execution Due to Deceptive Filenames', '#Cause Web Server Misclassification', ''),
(13, NULL, NULL, NULL, NULL, NULL, NULL, 110, 'capec-110', 'SQL Injection through SOAP Parameter Tampering', 'Inject Unexpected Items', 'Command Injection', 'SQL Injection', '#SQL Injection through SOAP Parameter Tampering', ''),
(14, NULL, NULL, NULL, NULL, NULL, NULL, 111, 'capec-111', 'JSON Hijacking (aka JavaScript Hijacking)', 'Abuse Existing Functionality', 'Functionality Misuse', '#JSON Hijacking (aka JavaScript Hijacking)', '', ''),
(15, NULL, NULL, NULL, NULL, NULL, NULL, 112, 'capec-112', 'Brute Force', 'Employ Probabilistic Techniques', '# Employ Probabilistic Techniques', '', '', ''),
(16, NULL, NULL, NULL, NULL, NULL, NULL, 113, 'capec-113', 'Interface Manipulation', 'Abuse Existing Functionality', '# Abuse Existing Functionality', '', '', ''),
(17, NULL, NULL, NULL, NULL, NULL, NULL, 114, 'capec-114', 'Authentication Abuse', 'Subvert Access Control', '# Subvert Access Control', '', '', ''),
(18, NULL, NULL, NULL, NULL, NULL, NULL, 115, 'capec-115', 'Authentication Bypass', 'Subvert Access Control', '# Subvert Access Control', '', '', ''),
(19, NULL, NULL, NULL, NULL, NULL, NULL, 116, 'capec-116', 'Excavation', 'Collect and Analyze Information', '# Collect and Analyze Information', '', '', ''),
(20, NULL, NULL, NULL, NULL, NULL, NULL, 117, 'capec-117', 'Interception', 'Collect and Analyze Information', '# Collect and Analyze Information', '', '', ''),
(21, NULL, NULL, NULL, NULL, NULL, NULL, 12, 'capec-12', 'Choosing Message Identifier', 'Subvert Access Control', 'Privilege Abuse', 'Accessing Functionality Not Properly Constrained by ACLs', '#Choosing Message Identifier', ''),
(22, NULL, NULL, NULL, NULL, NULL, NULL, 120, 'capec-120', 'Double Encoding', 'Manipulate Data Structures', 'Input Data Manipulation', 'Leverage Alternate Encoding', '#Double Encoding', ''),
(23, NULL, NULL, NULL, NULL, NULL, NULL, 121, 'capec-121', 'Exploit Non-Production Interfaces', 'Abuse Existing Functionality', 'Interface Manipulation', '#Exploit Non-Production Interfaces', '', ''),
(24, NULL, NULL, NULL, NULL, NULL, NULL, 122, 'capec-122', 'Privilege Abuse', 'Subvert Access Control', '# Subvert Access Control', '', '', ''),
(25, NULL, NULL, NULL, NULL, NULL, NULL, 123, 'capec-123', 'Buffer Manipulation', 'Manipulate Data Structures', '# Manipulate Data Structures', '', '', ''),
(26, NULL, NULL, NULL, NULL, NULL, NULL, 124, 'capec-124', 'Shared Resource Manipulation', 'Manipulate Data Structures', '# Manipulate Data Structures', '', '', ''),
(27, NULL, NULL, NULL, NULL, NULL, NULL, 125, 'capec-125', 'Flooding', 'Abuse Existing Functionality', '# Abuse Existing Functionality', '', '', ''),
(28, NULL, NULL, NULL, NULL, NULL, NULL, 126, 'capec-126', 'Path Traversal', 'Manipulate Data Structures', 'Input Data Manipulation', '#Path Traversal', '', ''),
(29, NULL, NULL, NULL, NULL, NULL, NULL, 127, 'capec-127', 'Directory Indexing', 'Collect and Analyze Information', 'Excavation', 'Query System for Information', '#Directory Indexing', ''),
(30, NULL, NULL, NULL, NULL, NULL, NULL, 128, 'capec-128', 'Integer Attacks', 'Manipulate Data Structures', 'Input Data Manipulation', '#Integer Attacks', '', ''),
(31, NULL, NULL, NULL, NULL, NULL, NULL, 129, 'capec-129', 'Pointer Manipulation', 'Manipulate Data Structures', '# Manipulate Data Structures', '', '', ''),
(32, NULL, NULL, NULL, NULL, NULL, NULL, 13, 'capec-13', 'Subverting Environment Variable Values', 'Subvert Access Control', 'Exploiting Trust in Client', 'Manipulating User-Controlled Variables', '#Subverting Environment Variable Values', ''),
(33, NULL, NULL, NULL, NULL, NULL, NULL, 130, 'capec-130', 'Excessive Allocation', 'Abuse Existing Functionality', '# Abuse Existing Functionality', '', '', ''),
(34, NULL, NULL, NULL, NULL, NULL, NULL, 131, 'capec-131', 'Resource Leak Exposure', 'Abuse Existing Functionality', '# Abuse Existing Functionality', '', '', ''),
(35, NULL, NULL, NULL, NULL, NULL, NULL, 132, 'capec-132', 'Symlink Attack', 'Engage in Deceptive Interactions', 'Resource Location Spoofing', 'Redirect Access to Libraries', '#Symlink Attack', ''),
(36, NULL, NULL, NULL, NULL, NULL, NULL, 133, 'capec-133', 'Try All Common Switches', 'Abuse Existing Functionality', 'Interface Manipulation', '#Try All Common Switches', '', ''),
(37, NULL, NULL, NULL, NULL, NULL, NULL, 134, 'capec-134', 'Email Injection', 'Inject Unexpected Items', 'Parameter Injection', '#Email Injection', '', ''),
(38, NULL, NULL, NULL, NULL, NULL, NULL, 135, 'capec-135', 'Format String Injection', 'Inject Unexpected Items', 'Parameter Injection', '#Format String Injection', '', ''),
(39, NULL, NULL, NULL, NULL, NULL, NULL, 136, 'capec-136', 'LDAP Injection', 'Inject Unexpected Items', 'Command Injection', '#LDAP Injection', '', ''),
(40, NULL, NULL, NULL, NULL, NULL, NULL, 137, 'capec-137', 'Parameter Injection', 'Inject Unexpected Items', '# Inject Unexpected Items', '', '', ''),
(41, NULL, NULL, NULL, NULL, NULL, NULL, 138, 'capec-138', 'Reflection Injection', 'Inject Unexpected Items', 'Parameter Injection', '#Reflection Injection', '', ''),
(42, NULL, NULL, NULL, NULL, NULL, NULL, 139, 'capec-139', 'Relative Path Traversal', 'Manipulate Data Structures', 'Input Data Manipulation', 'Path Traversal', '#Relative Path Traversal', ''),
(43, NULL, NULL, NULL, NULL, NULL, NULL, 14, 'capec-14', 'Client-side Injection-induced Buffer Overflow', 'Manipulate Data Structures', 'Buffer Manipulation', 'Overflow Buffers', '#Client-side Injection-induced Buffer Overflow', ''),
(44, NULL, NULL, NULL, NULL, NULL, NULL, 140, 'capec-140', 'Bypassing of Intermediate Forms in Multiple-Form Sets', 'Manipulate Timing and State', 'Manipulating State', '#Bypassing of Intermediate Forms in Multiple-Form Sets', '', ''),
(45, NULL, NULL, NULL, NULL, NULL, NULL, 141, 'capec-141', 'Cache Poisoning', 'Manipulate System Resources', 'Infrastructure Manipulation', '#Cache Poisoning', '', ''),
(46, NULL, NULL, NULL, NULL, NULL, NULL, 142, 'capec-142', 'DNS Cache Poisoning', 'Manipulate System Resources', 'Infrastructure Manipulation', 'Cache Poisoning', '#DNS Cache Poisoning', ''),
(47, NULL, NULL, NULL, NULL, NULL, NULL, 143, 'capec-143', 'Detect Unpublicized Web Pages', 'Collect and Analyze Information', 'Excavation', 'Collect Data from Common Resource Locations', '#Detect Unpublicized Web Pages', ''),
(48, NULL, NULL, NULL, NULL, NULL, NULL, 144, 'capec-144', 'Detect Unpublicized Web Services', 'Collect and Analyze Information', 'Excavation', 'Collect Data from Common Resource Locations', '#Detect Unpublicized Web Services', ''),
(49, NULL, NULL, NULL, NULL, NULL, NULL, 145, 'capec-145', 'Checksum Spoofing', 'Engage in Deceptive Interactions', 'Content Spoofing', '#Checksum Spoofing', '', ''),
(50, NULL, NULL, NULL, NULL, NULL, NULL, 146, 'capec-146', 'XML Schema Poisoning', 'Manipulate System Resources', 'Configuration/Environment Manipulation', 'Schema Poisoning', '#XML Schema Poisoning', ''),
(51, NULL, NULL, NULL, NULL, NULL, NULL, 147, 'capec-147', 'XML Ping of the Death', 'Abuse Existing Functionality', 'Flooding', 'XML Flood', '#XML Ping of the Death', ''),
(52, NULL, NULL, NULL, NULL, NULL, NULL, 148, 'capec-148', 'Content Spoofing', 'Engage in Deceptive Interactions', '# Engage in Deceptive Interactions', '', '', ''),
(53, NULL, NULL, NULL, NULL, NULL, NULL, 149, 'capec-149', 'Explore for Predictable Temporary File Names', 'Collect and Analyze Information', 'Footprinting', 'File Discovery', '#Explore for Predictable Temporary File Names', ''),
(54, NULL, NULL, NULL, NULL, NULL, NULL, 15, 'capec-15', 'Command Delimiters', 'Inject Unexpected Items', 'Parameter Injection', '#Command Delimiters', '', ''),
(55, NULL, NULL, NULL, NULL, NULL, NULL, 150, 'capec-150', 'Collect Data from Common Resource Locations', 'Collect and Analyze Information', 'Excavation', '#Collect Data from Common Resource Locations', '', ''),
(56, NULL, NULL, NULL, NULL, NULL, NULL, 151, 'capec-151', 'Identity Spoofing', 'Engage in Deceptive Interactions', '# Engage in Deceptive Interactions', '', '', ''),
(57, NULL, NULL, NULL, NULL, NULL, NULL, 153, 'capec-153', 'Input Data Manipulation', 'Manipulate Data Structures', '# Manipulate Data Structures', '', '', ''),
(58, NULL, NULL, NULL, NULL, NULL, NULL, 154, 'capec-154', 'Resource Location Spoofing', 'Engage in Deceptive Interactions', '# Engage in Deceptive Interactions', '', '', ''),
(59, NULL, NULL, NULL, NULL, NULL, NULL, 155, 'capec-155', 'Screen Temporary Files for Sensitive Information', 'Collect and Analyze Information', 'Excavation', 'Collect Data from Common Resource Locations', '#Screen Temporary Files for Sensitive Information', ''),
(60, NULL, NULL, NULL, NULL, NULL, NULL, 157, 'capec-157', 'Sniffing Attacks', 'Collect and Analyze Information', 'Interception', '#Sniffing Attacks', '', ''),
(61, NULL, NULL, NULL, NULL, NULL, NULL, 158, 'capec-158', 'Sniffing Network Traffic', 'Collect and Analyze Information', 'Interception', 'Sniffing Attacks', '#Sniffing Network Traffic', ''),
(62, NULL, NULL, NULL, NULL, NULL, NULL, 159, 'capec-159', 'Redirect Access to Libraries', 'Engage in Deceptive Interactions', 'Resource Location Spoofing', '#Redirect Access to Libraries', '', ''),
(63, NULL, NULL, NULL, NULL, NULL, NULL, 16, 'capec-16', 'Dictionary-based Password Attack', 'Employ Probabilistic Techniques', 'Brute Force', 'Password Brute Forcing', '#Dictionary-based Password Attack', ''),
(64, NULL, NULL, NULL, NULL, NULL, NULL, 160, 'capec-160', 'Exploit Script-Based APIs', 'Abuse Existing Functionality', 'Interface Manipulation', '#Exploit Script-Based APIs', '', ''),
(65, NULL, NULL, NULL, NULL, NULL, NULL, 161, 'capec-161', 'Infrastructure Manipulation', 'Manipulate System Resources', '# Manipulate System Resources', '', '', ''),
(66, NULL, NULL, NULL, NULL, NULL, NULL, 162, 'capec-162', 'Manipulating Hidden Fields', 'Subvert Access Control', 'Exploiting Trust in Client', 'Manipulating User-Controlled Variables', '#Manipulating Hidden Fields', ''),
(67, NULL, NULL, NULL, NULL, NULL, NULL, 163, 'capec-163', 'Spear Phishing', 'Engage in Deceptive Interactions', 'Identity Spoofing', 'Phishing', '#Spear Phishing', ''),
(68, NULL, NULL, NULL, NULL, NULL, NULL, 164, 'capec-164', 'Mobile Phishing', 'Engage in Deceptive Interactions', 'Identity Spoofing', 'Phishing', '#Mobile Phishing', ''),
(69, NULL, NULL, NULL, NULL, NULL, NULL, 165, 'capec-165', 'File Manipulation', 'Manipulate System Resources', '# Manipulate System Resources', '', '', ''),
(70, NULL, NULL, NULL, NULL, NULL, NULL, 166, 'capec-166', 'Force the System to Reset Values', 'Manipulate System Resources', 'Infrastructure Manipulation', '#Force the System to Reset Values', '', ''),
(71, NULL, NULL, NULL, NULL, NULL, NULL, 167, 'capec-167', 'White Box Reverse Engineering', 'Collect and Analyze Information', 'Reverse Engineering', '#White Box Reverse Engineering', '', ''),
(72, NULL, NULL, NULL, NULL, NULL, NULL, 168, 'capec-168', 'Windows ::DATA Alternate Data Stream', 'Manipulate System Resources', 'File Manipulation', 'Hiding Malicious Data or Code within Files', '#Windows ::DATA Alternate Data Stream', ''),
(73, NULL, NULL, NULL, NULL, NULL, NULL, 169, 'capec-169', 'Footprinting', 'Collect and Analyze Information', '# Collect and Analyze Information', '', '', ''),
(74, NULL, NULL, NULL, NULL, NULL, NULL, 17, 'capec-17', 'Using Malicious Files', 'Subvert Access Control', 'Privilege Abuse', '#Using Malicious Files', '', ''),
(75, NULL, NULL, NULL, NULL, NULL, NULL, 170, 'capec-170', 'Web Application Fingerprinting', 'Collect and Analyze Information', 'Fingerprinting', 'Application Fingerprinting', '#Web Application Fingerprinting', ''),
(76, NULL, NULL, NULL, NULL, NULL, NULL, 173, 'capec-173', 'Action Spoofing', 'Engage in Deceptive Interactions', '# Engage in Deceptive Interactions', '', '', ''),
(77, NULL, NULL, NULL, NULL, NULL, NULL, 174, 'capec-174', 'Flash Parameter Injection', 'Inject Unexpected Items', 'Parameter Injection', 'Flash Injection', '#Flash Parameter Injection', ''),
(78, NULL, NULL, NULL, NULL, NULL, NULL, 175, 'capec-175', 'Code Inclusion', 'Inject Unexpected Items', '# Inject Unexpected Items', '', '', ''),
(79, NULL, NULL, NULL, NULL, NULL, NULL, 176, 'capec-176', 'Configuration/Environment Manipulation', 'Manipulate System Resources', '# Manipulate System Resources', '', '', ''),
(80, NULL, NULL, NULL, NULL, NULL, NULL, 177, 'capec-177', 'Create files with the same name as files protected with a higher classification', 'Subvert Access Control', 'Privilege Abuse', 'Using Malicious Files', '#Create files with the same name as files protected with a higher classification', ''),
(81, NULL, NULL, NULL, NULL, NULL, NULL, 178, 'capec-178', 'Cross-Site Flashing', 'Inject Unexpected Items', 'Parameter Injection', 'Flash Injection', '#Cross-Site Flashing', ''),
(82, NULL, NULL, NULL, NULL, NULL, NULL, 179, 'capec-179', 'Calling Micro-Services Directly', 'Abuse Existing Functionality', 'Functionality Bypass', '#Calling Micro-Services Directly', '', ''),
(83, NULL, NULL, NULL, NULL, NULL, NULL, 18, 'capec-18', 'XSS Targeting Non-Script Elements', 'Inject Unexpected Items', 'Code Injection', 'Cross-Site Scripting (XSS)', 'Reflected XSS', '#XSS Targeting Non-Script Elements'),
(84, NULL, NULL, NULL, NULL, NULL, NULL, 180, 'capec-180', 'Exploiting Incorrectly Configured Access Control Security Levels', 'Subvert Access Control', 'Privilege Abuse', '#Exploiting Incorrectly Configured Access Control Security Levels', '', ''),
(85, NULL, NULL, NULL, NULL, NULL, NULL, 181, 'capec-181', 'Flash File Overlay', 'Engage in Deceptive Interactions', 'Action Spoofing', 'Clickjacking', '#Flash File Overlay', ''),
(86, NULL, NULL, NULL, NULL, NULL, NULL, 182, 'capec-182', 'Flash Injection', 'Inject Unexpected Items', 'Parameter Injection', '#Flash Injection', '', ''),
(87, NULL, NULL, NULL, NULL, NULL, NULL, 183, 'capec-183', 'IMAP/SMTP Command Injection', 'Inject Unexpected Items', 'Command Injection', '#IMAP/SMTP Command Injection', '', ''),
(88, NULL, NULL, NULL, NULL, NULL, NULL, 184, 'capec-184', 'Software Integrity Attack', 'Manipulate System Resources', '# Manipulate System Resources', '', '', ''),
(89, NULL, NULL, NULL, NULL, NULL, NULL, 185, 'capec-185', 'Malicious Software Download', 'Manipulate System Resources', 'Software Integrity Attack', '#Malicious Software Download', '', ''),
(90, NULL, NULL, NULL, NULL, NULL, NULL, 186, 'capec-186', 'Malicious Software Update', 'Manipulate System Resources', 'Software Integrity Attack', '#Malicious Software Update', '', ''),
(91, NULL, NULL, NULL, NULL, NULL, NULL, 187, 'capec-187', 'Malicious Automated Software Update via Redirection', 'Manipulate System Resources', 'Software Integrity Attack', 'Malicious Software Update', '#Malicious Automated Software Update via Redirection', ''),
(92, NULL, NULL, NULL, NULL, NULL, NULL, 188, 'capec-188', 'Reverse Engineering', 'Collect and Analyze Information', '# Collect and Analyze Information', '', '', ''),
(93, NULL, NULL, NULL, NULL, NULL, NULL, 189, 'capec-189', 'Black Box Reverse Engineering', 'Collect and Analyze Information', 'Reverse Engineering', '#Black Box Reverse Engineering', '', ''),
(94, NULL, NULL, NULL, NULL, NULL, NULL, 19, 'capec-19', 'Embedding Scripts within Scripts', 'Inject Unexpected Items', 'Code Injection', '#Embedding Scripts within Scripts', '', ''),
(95, NULL, NULL, NULL, NULL, NULL, NULL, 190, 'capec-190', 'Reverse Engineer an Executable to Expose Assumed Hidden Functionality', 'Collect and Analyze Information', 'Reverse Engineering', 'White Box Reverse Engineering', '#Reverse Engineer an Executable to Expose Assumed Hidden Functionality', ''),
(96, NULL, NULL, NULL, NULL, NULL, NULL, 191, 'capec-191', 'Read Sensitive Constants Within an Executable', 'Collect and Analyze Information', 'Reverse Engineering', 'White Box Reverse Engineering', '#Read Sensitive Constants Within an Executable', ''),
(97, NULL, NULL, NULL, NULL, NULL, NULL, 192, 'capec-192', 'Protocol Analysis', 'Collect and Analyze Information', '# Collect and Analyze Information', '', '', ''),
(98, NULL, NULL, NULL, NULL, NULL, NULL, 193, 'capec-193', 'PHP Remote File Inclusion', 'Inject Unexpected Items', 'Code Inclusion', 'Remote Code Inclusion', '#PHP Remote File Inclusion', ''),
(99, NULL, NULL, NULL, NULL, NULL, NULL, 194, 'capec-194', 'Fake the Source of Data', 'Engage in Deceptive Interactions', 'Identity Spoofing', '#Fake the Source of Data', '', ''),
(100, NULL, NULL, NULL, NULL, NULL, NULL, 195, 'capec-195', 'Principal Spoof', 'Engage in Deceptive Interactions', 'Identity Spoofing', '#Principal Spoof', '', ''),
(101, NULL, NULL, NULL, NULL, NULL, NULL, 196, 'capec-196', 'Session Credential Falsification through Forging', '', '', '', '', ''),
(102, NULL, NULL, NULL, NULL, NULL, NULL, 197, 'capec-197', 'Exponential Data Expansion', 'Abuse Existing Functionality', 'Excessive Allocation', 'Serialized Data with Nested Payloads', '#Exponential Data Expansion', ''),
(103, NULL, NULL, NULL, NULL, NULL, NULL, 198, 'capec-198', 'XSS Targeting Error Pages', 'Inject Unexpected Items', 'Code Injection', 'Cross-Site Scripting (XSS)', 'Reflected XSS', '#XSS Targeting Error Pages'),
(104, NULL, NULL, NULL, NULL, NULL, NULL, 199, 'capec-199', 'XSS Using Alternate Syntax', 'Inject Unexpected Items', 'Code Injection', 'Cross-Site Scripting (XSS)', 'Reflected XSS', '#XSS Using Alternate Syntax'),
(105, NULL, NULL, NULL, NULL, NULL, NULL, 2, 'capec-2', 'Inducing Account Lockout', 'Abuse Existing Functionality', 'Functionality Misuse', '#Inducing Account Lockout', '', ''),
(106, NULL, NULL, NULL, NULL, NULL, NULL, 20, 'capec-20', 'Encryption Brute Forcing', 'Employ Probabilistic Techniques', 'Brute Force', '#Encryption Brute Forcing', '', ''),
(107, NULL, NULL, NULL, NULL, NULL, NULL, 200, 'capec-200', 'Removal of filters: Input filters, output filters, data masking', 'Subvert Access Control', 'Exploiting Trust in Client', 'Removing Important Client Functionality', '#Removal of filters: Input filters, output filters, data masking', ''),
(108, NULL, NULL, NULL, NULL, NULL, NULL, 201, 'capec-201', 'Serialized Data External Linking', 'Abuse Existing Functionality', 'Excessive Allocation', 'Oversized Serialized Data Payloads', '#Serialized Data External Linking', ''),
(109, NULL, NULL, NULL, NULL, NULL, NULL, 202, 'capec-202', 'Create Malicious Client', 'Subvert Access Control', 'Exploiting Trust in Client', '#Create Malicious Client', '', ''),
(110, NULL, NULL, NULL, NULL, NULL, NULL, 203, 'capec-203', 'Manipulate Registry Information', 'Manipulate System Resources', 'Configuration/Environment Manipulation', '#Manipulate Registry Information', '', ''),
(111, NULL, NULL, NULL, NULL, NULL, NULL, 204, 'capec-204', 'Lifting Sensitive Data Embedded in Cache', 'Collect and Analyze Information', 'Reverse Engineering', 'White Box Reverse Engineering', '#Lifting Sensitive Data Embedded in Cache', ''),
(112, NULL, NULL, NULL, NULL, NULL, NULL, 206, 'capec-206', 'Signing Malicious Code', 'Manipulate System Resources', 'Modification During Manufacture', 'Development Alteration', '#Signing Malicious Code', ''),
(113, NULL, NULL, NULL, NULL, NULL, NULL, 207, 'capec-207', 'Removing Important Client Functionality', 'Subvert Access Control', 'Exploiting Trust in Client', '#Removing Important Client Functionality', '', ''),
(114, NULL, NULL, NULL, NULL, NULL, NULL, 208, 'capec-208', 'Removing/short-circuiting `Purse` logic: removing/mutating `cash` decrements', 'Subvert Access Control', 'Exploiting Trust in Client', 'Removing Important Client Functionality', '#Removing/short-circuiting `Purse` logic: removing/mutating `cash` decrements', ''),
(115, NULL, NULL, NULL, NULL, NULL, NULL, 209, 'capec-209', 'XSS Using MIME Type Mismatch', 'Inject Unexpected Items', 'Code Injection', 'Cross-Site Scripting (XSS)', 'Stored XSS', '#XSS Using MIME Type Mismatch'),
(116, NULL, NULL, NULL, NULL, NULL, NULL, 21, 'capec-21', 'Exploitation of Trusted Identifiers', 'Subvert Access Control', '# Subvert Access Control', '', '', ''),
(117, NULL, NULL, NULL, NULL, NULL, NULL, 212, 'capec-212', 'Functionality Misuse', 'Abuse Existing Functionality', '# Abuse Existing Functionality', '', '', ''),
(118, NULL, NULL, NULL, NULL, NULL, NULL, 215, 'capec-215', 'Fuzzing for application mapping', 'Collect and Analyze Information', 'Excavation', 'Query System for Information', '#Fuzzing for application mapping', ''),
(119, NULL, NULL, NULL, NULL, NULL, NULL, 216, 'capec-216', 'Communication Channel Manipulation', 'Abuse Existing Functionality', '# Abuse Existing Functionality', '', '', ''),
(120, NULL, NULL, NULL, NULL, NULL, NULL, 217, 'capec-217', 'Exploiting Incorrectly Configured SSL', 'Abuse Existing Functionality', 'Communication Channel Manipulation', '#Exploiting Incorrectly Configured SSL', '', ''),
(121, NULL, NULL, NULL, NULL, NULL, NULL, 218, 'capec-218', 'Spoofing of UDDI/ebXML Messages', 'Engage in Deceptive Interactions', 'Content Spoofing', '#Spoofing of UDDI/ebXML Messages', '', ''),
(122, NULL, NULL, NULL, NULL, NULL, NULL, 219, 'capec-219', 'XML Routing Detour Attacks', 'Subvert Access Control', 'Adversary in the Middle (AiTM)', '#XML Routing Detour Attacks', '', ''),
(123, NULL, NULL, NULL, NULL, NULL, NULL, 22, 'capec-22', 'Exploiting Trust in Client', 'Subvert Access Control', '# Subvert Access Control', '', '', ''),
(124, NULL, NULL, NULL, NULL, NULL, NULL, 220, 'capec-220', 'Client-Server Protocol Manipulation', 'Abuse Existing Functionality', 'Protocol Manipulation', '#Client-Server Protocol Manipulation', '', ''),
(125, NULL, NULL, NULL, NULL, NULL, NULL, 221, 'capec-221', 'Data Serialization External Entities Blowup', 'Subvert Access Control', 'Privilege Abuse', '#Data Serialization External Entities Blowup', '', ''),
(126, NULL, NULL, NULL, NULL, NULL, NULL, 222, 'capec-222', 'iFrame Overlay', 'Engage in Deceptive Interactions', 'Action Spoofing', 'Clickjacking', '#iFrame Overlay', ''),
(127, NULL, NULL, NULL, NULL, NULL, NULL, 224, 'capec-224', 'Fingerprinting', 'Collect and Analyze Information', '# Collect and Analyze Information', '', '', ''),
(128, NULL, NULL, NULL, NULL, NULL, NULL, 226, 'capec-226', 'Session Credential Falsification through Manipulation', '', '', '', '', ''),
(129, NULL, NULL, NULL, NULL, NULL, NULL, 227, 'capec-227', 'Sustained Client Engagement', 'Abuse Existing Functionality', '# Abuse Existing Functionality', '', '', ''),
(130, NULL, NULL, NULL, NULL, NULL, NULL, 228, 'capec-228', 'DTD Injection', 'Inject Unexpected Items', 'Command Injection', 'XML Injection', '#DTD Injection', ''),
(131, NULL, NULL, NULL, NULL, NULL, NULL, 229, 'capec-229', 'Serialized Data Parameter Blowup', 'Abuse Existing Functionality', 'Excessive Allocation', 'Oversized Serialized Data Payloads', '#Serialized Data Parameter Blowup', ''),
(132, NULL, NULL, NULL, NULL, NULL, NULL, 23, 'capec-23', 'File Content Injection', 'Inject Unexpected Items', 'Code Injection', '#File Content Injection', '', ''),
(133, NULL, NULL, NULL, NULL, NULL, NULL, 230, 'capec-230', 'Serialized Data with Nested Payloads', 'Abuse Existing Functionality', 'Excessive Allocation', '#Serialized Data with Nested Payloads', '', ''),
(134, NULL, NULL, NULL, NULL, NULL, NULL, 231, 'capec-231', 'Oversized Serialized Data Payloads', 'Abuse Existing Functionality', 'Excessive Allocation', '#Oversized Serialized Data Payloads', '', ''),
(135, NULL, NULL, NULL, NULL, NULL, NULL, 233, 'capec-233', 'Privilege Escalation', 'Subvert Access Control', '# Subvert Access Control', '', '', ''),
(136, NULL, NULL, NULL, NULL, NULL, NULL, 234, 'capec-234', 'Hijacking a privileged process', 'Subvert Access Control', 'Privilege Escalation', '#Hijacking a privileged process', '', ''),
(137, NULL, NULL, NULL, NULL, NULL, NULL, 237, 'capec-237', 'Escaping a Sandbox by Calling Code in Another Language', 'Subvert Access Control', 'Authentication Bypass', 'Escaping Virtualization', '#Escaping a Sandbox by Calling Code in Another Language', ''),
(138, NULL, NULL, NULL, NULL, NULL, NULL, 24, 'capec-24', 'Filter Failure through Buffer Overflow', 'Manipulate Data Structures', 'Buffer Manipulation', 'Overflow Buffers', '#Filter Failure through Buffer Overflow', ''),
(139, NULL, NULL, NULL, NULL, NULL, NULL, 240, 'capec-240', 'Resource Injection', 'Inject Unexpected Items', '# Inject Unexpected Items', '', '', ''),
(140, NULL, NULL, NULL, NULL, NULL, NULL, 242, 'capec-242', 'Code Injection', 'Inject Unexpected Items', '# Inject Unexpected Items', '', '', ''),
(141, NULL, NULL, NULL, NULL, NULL, NULL, 243, 'capec-243', 'XSS Targeting HTML Attributes', 'Inject Unexpected Items', 'Code Injection', 'Cross-Site Scripting (XSS)', 'Reflected XSS', '#XSS Targeting HTML Attributes'),
(142, NULL, NULL, NULL, NULL, NULL, NULL, 244, 'capec-244', 'XSS Targeting URI Placeholders', 'Inject Unexpected Items', 'Code Injection', 'Cross-Site Scripting (XSS)', 'Reflected XSS', '#XSS Targeting URI Placeholders'),
(143, NULL, NULL, NULL, NULL, NULL, NULL, 245, 'capec-245', 'XSS Using Doubled Characters', 'Inject Unexpected Items', 'Code Injection', 'Cross-Site Scripting (XSS)', 'Reflected XSS', '#XSS Using Doubled Characters'),
(144, NULL, NULL, NULL, NULL, NULL, NULL, 247, 'capec-247', 'XSS Using Invalid Characters', 'Inject Unexpected Items', 'Code Injection', 'Cross-Site Scripting (XSS)', 'Reflected XSS', '#XSS Using Invalid Characters'),
(145, NULL, NULL, NULL, NULL, NULL, NULL, 248, 'capec-248', 'Command Injection', 'Inject Unexpected Items', '# Inject Unexpected Items', '', '', ''),
(146, NULL, NULL, NULL, NULL, NULL, NULL, 25, 'capec-25', 'Forced Deadlock', 'Manipulate Timing and State', '# Manipulate Timing and State', '', '', ''),
(147, NULL, NULL, NULL, NULL, NULL, NULL, 250, 'capec-250', 'XML Injection', 'Inject Unexpected Items', 'Command Injection', '#XML Injection', '', ''),
(148, NULL, NULL, NULL, NULL, NULL, NULL, 251, 'capec-251', 'Local Code Inclusion', 'Inject Unexpected Items', 'Code Inclusion', '#Local Code Inclusion', '', ''),
(149, NULL, NULL, NULL, NULL, NULL, NULL, 252, 'capec-252', 'PHP Local File Inclusion', 'Inject Unexpected Items', 'Code Inclusion', 'Local Code Inclusion', '#PHP Local File Inclusion', ''),
(150, NULL, NULL, NULL, NULL, NULL, NULL, 253, 'capec-253', 'Remote Code Inclusion', 'Inject Unexpected Items', 'Code Inclusion', '#Remote Code Inclusion', '', ''),
(151, NULL, NULL, NULL, NULL, NULL, NULL, 256, 'capec-256', 'SOAP Array Overflow', 'Manipulate Data Structures', 'Buffer Manipulation', 'Overflow Buffers', '#SOAP Array Overflow', ''),
(152, NULL, NULL, NULL, NULL, NULL, NULL, 26, 'capec-26', 'Leveraging Race Conditions', 'Manipulate Timing and State', '# Manipulate Timing and State', '', '', ''),
(153, NULL, NULL, NULL, NULL, NULL, NULL, 261, 'capec-261', 'Fuzzing for garnering other adjacent user/sensitive data', 'Collect and Analyze Information', 'Excavation', 'Query System for Information', '#Fuzzing for garnering other adjacent user/sensitive data', ''),
(154, NULL, NULL, NULL, NULL, NULL, NULL, 263, 'capec-263', 'Force Use of Corrupted Files', 'Subvert Access Control', 'Privilege Abuse', 'Using Malicious Files', '#Force Use of Corrupted Files', ''),
(155, NULL, NULL, NULL, NULL, NULL, NULL, 267, 'capec-267', 'Leverage Alternate Encoding', 'Manipulate Data Structures', 'Input Data Manipulation', '#Leverage Alternate Encoding', '', ''),
(156, NULL, NULL, NULL, NULL, NULL, NULL, 268, 'capec-268', 'Audit Log Manipulation', 'Manipulate System Resources', 'Infrastructure Manipulation', '#Audit Log Manipulation', '', ''),
(157, NULL, NULL, NULL, NULL, NULL, NULL, 27, 'capec-27', 'Leveraging Race Conditions via Symbolic Links', 'Manipulate Timing and State', 'Leveraging Race Conditions', 'Leveraging Time-of-Check and Time-of-Use (TOCTOU) Race Conditions', '#Leveraging Race Conditions via Symbolic Links', ''),
(158, NULL, NULL, NULL, NULL, NULL, NULL, 270, 'capec-270', 'Modification of Registry Run Keys', 'Manipulate System Resources', 'Configuration/Environment Manipulation', 'Manipulate Registry Information', '#Modification of Registry Run Keys', ''),
(159, NULL, NULL, NULL, NULL, NULL, NULL, 271, 'capec-271', 'Schema Poisoning', 'Manipulate System Resources', 'Configuration/Environment Manipulation', '#Schema Poisoning', '', ''),
(160, NULL, NULL, NULL, NULL, NULL, NULL, 272, 'capec-272', 'Protocol Manipulation', 'Abuse Existing Functionality', '# Abuse Existing Functionality', '', '', ''),
(161, NULL, NULL, NULL, NULL, NULL, NULL, 273, 'capec-273', 'HTTP Response Smuggling', 'Abuse Existing Functionality', 'Protocol Manipulation', 'Client-Server Protocol Manipulation', '#HTTP Response Smuggling', ''),
(162, NULL, NULL, NULL, NULL, NULL, NULL, 274, 'capec-274', 'HTTP Verb Tampering', 'Abuse Existing Functionality', 'Protocol Manipulation', 'Client-Server Protocol Manipulation', '#HTTP Verb Tampering', ''),
(163, NULL, NULL, NULL, NULL, NULL, NULL, 275, 'capec-275', 'DNS Rebinding', 'Engage in Deceptive Interactions', 'Identity Spoofing', 'Fake the Source of Data', '#DNS Rebinding', ''),
(164, NULL, NULL, NULL, NULL, NULL, NULL, 276, 'capec-276', 'Inter-component Protocol Manipulation', 'Abuse Existing Functionality', 'Protocol Manipulation', '#Inter-component Protocol Manipulation', '', ''),
(165, NULL, NULL, NULL, NULL, NULL, NULL, 277, 'capec-277', 'Data Interchange Protocol Manipulation', 'Abuse Existing Functionality', 'Protocol Manipulation', '#Data Interchange Protocol Manipulation', '', ''),
(166, NULL, NULL, NULL, NULL, NULL, NULL, 278, 'capec-278', 'Web Services Protocol Manipulation', 'Abuse Existing Functionality', 'Protocol Manipulation', '#Web Services Protocol Manipulation', '', ''),
(167, NULL, NULL, NULL, NULL, NULL, NULL, 279, 'capec-279', 'SOAP Manipulation', 'Abuse Existing Functionality', 'Protocol Manipulation', 'Web Services Protocol Manipulation', '#SOAP Manipulation', ''),
(168, NULL, NULL, NULL, NULL, NULL, NULL, 28, 'capec-28', 'Fuzzing', 'Employ Probabilistic Techniques', '# Employ Probabilistic Techniques', '', '', ''),
(169, NULL, NULL, NULL, NULL, NULL, NULL, 285, 'capec-285', 'ICMP Echo Request Ping', 'Collect and Analyze Information', 'Footprinting', 'Host Discovery', '#ICMP Echo Request Ping', ''),
(170, NULL, NULL, NULL, NULL, NULL, NULL, 287, 'capec-287', 'TCP SYN Scan', 'Collect and Analyze Information', 'Footprinting', 'Port Scanning', '#TCP SYN Scan', ''),
(171, NULL, NULL, NULL, NULL, NULL, NULL, 29, 'capec-29', 'Leveraging Time-of-Check and Time-of-Use (TOCTOU) Race Conditions', 'Manipulate Timing and State', 'Leveraging Race Conditions', '#Leveraging Time-of-Check and Time-of-Use (TOCTOU) Race Conditions', '', ''),
(172, NULL, NULL, NULL, NULL, NULL, NULL, 290, 'capec-290', 'Enumerate Mail Exchange (MX) Records', 'Collect and Analyze Information', 'Footprinting', 'Network Topology Mapping', '#Enumerate Mail Exchange (MX) Records', ''),
(173, NULL, NULL, NULL, NULL, NULL, NULL, 291, 'capec-291', 'DNS Zone Transfers', 'Collect and Analyze Information', 'Footprinting', 'Network Topology Mapping', '#DNS Zone Transfers', ''),
(174, NULL, NULL, NULL, NULL, NULL, NULL, 292, 'capec-292', 'Host Discovery', 'Collect and Analyze Information', 'Footprinting', '#Host Discovery', '', ''),
(175, NULL, NULL, NULL, NULL, NULL, NULL, 293, 'capec-293', 'Traceroute Route Enumeration', 'Collect and Analyze Information', 'Footprinting', 'Network Topology Mapping', '#Traceroute Route Enumeration', ''),
(176, NULL, NULL, NULL, NULL, NULL, NULL, 294, 'capec-294', 'ICMP Address Mask Request', 'Collect and Analyze Information', 'Footprinting', 'Host Discovery', '#ICMP Address Mask Request', ''),
(177, NULL, NULL, NULL, NULL, NULL, NULL, 295, 'capec-295', 'Timestamp Request', 'Collect and Analyze Information', 'Footprinting', 'Host Discovery', '#Timestamp Request', ''),
(178, NULL, NULL, NULL, NULL, NULL, NULL, 296, 'capec-296', 'ICMP Information Request', 'Collect and Analyze Information', 'Footprinting', 'Host Discovery', '#ICMP Information Request', ''),
(179, NULL, NULL, NULL, NULL, NULL, NULL, 297, 'capec-297', 'TCP ACK Ping', 'Collect and Analyze Information', 'Footprinting', 'Host Discovery', '#TCP ACK Ping', ''),
(180, NULL, NULL, NULL, NULL, NULL, NULL, 298, 'capec-298', 'UDP Ping', 'Collect and Analyze Information', 'Footprinting', 'Host Discovery', '#UDP Ping', ''),
(181, NULL, NULL, NULL, NULL, NULL, NULL, 299, 'capec-299', 'TCP SYN Ping', 'Collect and Analyze Information', 'Footprinting', 'Host Discovery', '#TCP SYN Ping', ''),
(182, NULL, NULL, NULL, NULL, NULL, NULL, 3, 'capec-3', 'Using Leading `Ghost` Character Sequences to Bypass Input Filters', 'Manipulate Data Structures', 'Input Data Manipulation', 'Leverage Alternate Encoding', '#Using Leading `Ghost` Character Sequences to Bypass Input Filters', ''),
(183, NULL, NULL, NULL, NULL, NULL, NULL, 30, 'capec-30', 'Hijacking a Privileged Thread of Execution', 'Subvert Access Control', 'Privilege Escalation', '#Hijacking a Privileged Thread of Execution', '', ''),
(184, NULL, NULL, NULL, NULL, NULL, NULL, 300, 'capec-300', 'Port Scanning', 'Collect and Analyze Information', 'Footprinting', '#Port Scanning', '', ''),
(185, NULL, NULL, NULL, NULL, NULL, NULL, 301, 'capec-301', 'TCP Connect Scan', 'Collect and Analyze Information', 'Footprinting', 'Port Scanning', '#TCP Connect Scan', ''),
(186, NULL, NULL, NULL, NULL, NULL, NULL, 302, 'capec-302', 'TCP FIN Scan', 'Collect and Analyze Information', 'Footprinting', 'Port Scanning', '#TCP FIN Scan', ''),
(187, NULL, NULL, NULL, NULL, NULL, NULL, 303, 'capec-303', 'TCP Xmas Scan', 'Collect and Analyze Information', 'Footprinting', 'Port Scanning', '#TCP Xmas Scan', ''),
(188, NULL, NULL, NULL, NULL, NULL, NULL, 304, 'capec-304', 'TCP Null Scan', 'Collect and Analyze Information', 'Footprinting', 'Port Scanning', '#TCP Null Scan', ''),
(189, NULL, NULL, NULL, NULL, NULL, NULL, 305, 'capec-305', 'TCP ACK Scan', 'Collect and Analyze Information', 'Footprinting', 'Port Scanning', '#TCP ACK Scan', ''),
(190, NULL, NULL, NULL, NULL, NULL, NULL, 306, 'capec-306', 'TCP Window Scan', 'Collect and Analyze Information', 'Footprinting', 'Port Scanning', '#TCP Window Scan', ''),
(191, NULL, NULL, NULL, NULL, NULL, NULL, 307, 'capec-307', 'TCP RPC Scan', 'Collect and Analyze Information', 'Footprinting', 'Port Scanning', '#TCP RPC Scan', ''),
(192, NULL, NULL, NULL, NULL, NULL, NULL, 308, 'capec-308', 'UDP Scan', 'Collect and Analyze Information', 'Footprinting', 'Port Scanning', '#UDP Scan', ''),
(193, NULL, NULL, NULL, NULL, NULL, NULL, 309, 'capec-309', 'Network Topology Mapping', 'Collect and Analyze Information', 'Footprinting', '#Network Topology Mapping', '', ''),
(194, NULL, NULL, NULL, NULL, NULL, NULL, 31, 'capec-31', 'Accessing/Intercepting/Modifying HTTP Cookies', 'Subvert Access Control', 'Exploiting Trust in Client', 'Manipulating Opaque Client-based Data Tokens', '#Accessing/Intercepting/Modifying HTTP Cookies', ''),
(195, NULL, NULL, NULL, NULL, NULL, NULL, 310, 'capec-310', 'Scanning for Vulnerable Software', 'Collect and Analyze Information', 'Fingerprinting', 'Application Fingerprinting', '#Scanning for Vulnerable Software', ''),
(196, NULL, NULL, NULL, NULL, NULL, NULL, 312, 'capec-312', 'Active OS Fingerprinting', 'Collect and Analyze Information', 'Fingerprinting', '#Active OS Fingerprinting', '', ''),
(197, NULL, NULL, NULL, NULL, NULL, NULL, 313, 'capec-313', 'Passive OS Fingerprinting', 'Collect and Analyze Information', 'Fingerprinting', '#Passive OS Fingerprinting', '', ''),
(198, NULL, NULL, NULL, NULL, NULL, NULL, 317, 'capec-317', 'IP ID Sequencing Probe', 'Collect and Analyze Information', 'Fingerprinting', 'Active OS Fingerprinting', '#IP ID Sequencing Probe', ''),
(199, NULL, NULL, NULL, NULL, NULL, NULL, 318, 'capec-318', 'IP `ID` Echoed Byte-Order Probe', 'Collect and Analyze Information', 'Fingerprinting', 'Active OS Fingerprinting', '#IP `ID` Echoed Byte-Order Probe', ''),
(200, NULL, NULL, NULL, NULL, NULL, NULL, 319, 'capec-319', 'IP (DF) `Don`t Fragment Bit` Echoing Probe', 'Collect and Analyze Information', 'Fingerprinting', 'Active OS Fingerprinting', '#IP (DF) `Don`t Fragment Bit` Echoing Probe', ''),
(201, NULL, NULL, NULL, NULL, NULL, NULL, 32, 'capec-32', 'XSS Through HTTP Query Strings', 'Inject Unexpected Items', 'Code Injection', 'Cross-Site Scripting (XSS)', 'Reflected XSS', '#XSS Through HTTP Query Strings'),
(202, NULL, NULL, NULL, NULL, NULL, NULL, 320, 'capec-320', 'TCP Timestamp Probe', 'Collect and Analyze Information', 'Fingerprinting', 'Active OS Fingerprinting', '#TCP Timestamp Probe', ''),
(203, NULL, NULL, NULL, NULL, NULL, NULL, 321, 'capec-321', 'TCP Sequence Number Probe', 'Collect and Analyze Information', 'Fingerprinting', 'Active OS Fingerprinting', '#TCP Sequence Number Probe', ''),
(204, NULL, NULL, NULL, NULL, NULL, NULL, 322, 'capec-322', 'TCP (ISN) Greatest Common Divisor Probe', 'Collect and Analyze Information', 'Fingerprinting', 'Active OS Fingerprinting', '#TCP (ISN) Greatest Common Divisor Probe', ''),
(205, NULL, NULL, NULL, NULL, NULL, NULL, 323, 'capec-323', 'TCP (ISN) Counter Rate Probe', 'Collect and Analyze Information', 'Fingerprinting', 'Active OS Fingerprinting', '#TCP (ISN) Counter Rate Probe', ''),
(206, NULL, NULL, NULL, NULL, NULL, NULL, 324, 'capec-324', 'TCP (ISN) Sequence Predictability Probe', 'Collect and Analyze Information', 'Fingerprinting', 'Active OS Fingerprinting', '#TCP (ISN) Sequence Predictability Probe', ''),
(207, NULL, NULL, NULL, NULL, NULL, NULL, 325, 'capec-325', 'TCP Congestion Control Flag (ECN) Probe', 'Collect and Analyze Information', 'Fingerprinting', 'Active OS Fingerprinting', '#TCP Congestion Control Flag (ECN) Probe', ''),
(208, NULL, NULL, NULL, NULL, NULL, NULL, 326, 'capec-326', 'TCP Initial Window Size Probe', 'Collect and Analyze Information', 'Fingerprinting', 'Active OS Fingerprinting', '#TCP Initial Window Size Probe', ''),
(209, NULL, NULL, NULL, NULL, NULL, NULL, 327, 'capec-327', 'TCP Options Probe', 'Collect and Analyze Information', 'Fingerprinting', 'Active OS Fingerprinting', '#TCP Options Probe', ''),
(210, NULL, NULL, NULL, NULL, NULL, NULL, 328, 'capec-328', 'TCP `RST` Flag Checksum Probe', 'Collect and Analyze Information', 'Fingerprinting', 'Active OS Fingerprinting', '#TCP `RST` Flag Checksum Probe', ''),
(211, NULL, NULL, NULL, NULL, NULL, NULL, 329, 'capec-329', 'ICMP Error Message Quoting Probe', 'Collect and Analyze Information', 'Fingerprinting', 'Active OS Fingerprinting', '#ICMP Error Message Quoting Probe', ''),
(212, NULL, NULL, NULL, NULL, NULL, NULL, 33, 'capec-33', 'HTTP Request Smuggling', 'Abuse Existing Functionality', 'Protocol Manipulation', 'Client-Server Protocol Manipulation', '#HTTP Request Smuggling', ''),
(213, NULL, NULL, NULL, NULL, NULL, NULL, 330, 'capec-330', 'ICMP Error Message Echoing Integrity Probe', 'Collect and Analyze Information', 'Fingerprinting', 'Active OS Fingerprinting', '#ICMP Error Message Echoing Integrity Probe', ''),
(214, NULL, NULL, NULL, NULL, NULL, NULL, 331, 'capec-331', 'ICMP IP Total Length Field Probe', 'Collect and Analyze Information', 'Fingerprinting', 'Active OS Fingerprinting', '#ICMP IP Total Length Field Probe', ''),
(215, NULL, NULL, NULL, NULL, NULL, NULL, 332, 'capec-332', 'ICMP IP `ID` Field Error Message Probe', 'Collect and Analyze Information', 'Fingerprinting', 'Active OS Fingerprinting', '#ICMP IP `ID` Field Error Message Probe', ''),
(216, NULL, NULL, NULL, NULL, NULL, NULL, 34, 'capec-34', 'HTTP Response Splitting', 'Abuse Existing Functionality', 'Protocol Manipulation', 'Client-Server Protocol Manipulation', '#HTTP Response Splitting', ''),
(217, NULL, NULL, NULL, NULL, NULL, NULL, 35, 'capec-35', 'Leverage Executable Code in Non-Executable Files', 'Manipulate System Resources', 'File Manipulation', 'Hiding Malicious Data or Code within Files', '#Leverage Executable Code in Non-Executable Files', ''),
(218, NULL, NULL, NULL, NULL, NULL, NULL, 36, 'capec-36', 'Using Unpublished Interfaces', 'Abuse Existing Functionality', 'Interface Manipulation', '#Using Unpublished Interfaces', '', ''),
(219, NULL, NULL, NULL, NULL, NULL, NULL, 37, 'capec-37', 'Retrieve Embedded Sensitive Data', 'Collect and Analyze Information', 'Reverse Engineering', 'White Box Reverse Engineering', '#Retrieve Embedded Sensitive Data', ''),
(220, NULL, NULL, NULL, NULL, NULL, NULL, 38, 'capec-38', 'Leveraging/Manipulating Configuration File Search Paths', 'Engage in Deceptive Interactions', 'Resource Location Spoofing', 'Redirect Access to Libraries', '#Leveraging/Manipulating Configuration File Search Paths', ''),
(221, NULL, NULL, NULL, NULL, NULL, NULL, 383, 'capec-383', 'Harvesting Information via API Event Monitoring', 'Engage in Deceptive Interactions', 'Manipulate Human Behavior', 'Pretexting', '#Harvesting Information via API Event Monitoring', ''),
(222, NULL, NULL, NULL, NULL, NULL, NULL, 384, 'capec-384', 'Application API Message Manipulation via Man-in-the-Middle', 'Subvert Access Control', 'Adversary in the Middle (AiTM)', '#Application API Message Manipulation via Man-in-the-Middle', '', ''),
(223, NULL, NULL, NULL, NULL, NULL, NULL, 385, 'capec-385', 'Transaction or Event Tampering via Application API Manipulation', 'Subvert Access Control', 'Adversary in the Middle (AiTM)', 'Application API Message Manipulation via Man-in-the-Middle', '#Transaction or Event Tampering via Application API Manipulation', ''),
(224, NULL, NULL, NULL, NULL, NULL, NULL, 386, 'capec-386', 'Application API Navigation Remapping', 'Subvert Access Control', 'Adversary in the Middle (AiTM)', '#Application API Navigation Remapping', '', ''),
(225, NULL, NULL, NULL, NULL, NULL, NULL, 387, 'capec-387', 'Navigation Remapping To Propagate Malicious Content', 'Subvert Access Control', 'Adversary in the Middle (AiTM)', 'Application API Navigation Remapping', '#Navigation Remapping To Propagate Malicious Content', ''),
(226, NULL, NULL, NULL, NULL, NULL, NULL, 388, 'capec-388', 'Application API Button Hijacking', 'Subvert Access Control', 'Adversary in the Middle (AiTM)', 'Application API Navigation Remapping', '#Application API Button Hijacking', ''),
(227, NULL, NULL, NULL, NULL, NULL, NULL, 389, 'capec-389', 'Content Spoofing Via Application API Manipulation', 'Subvert Access Control', 'Adversary in the Middle (AiTM)', 'Application API Message Manipulation via Man-in-the-Middle', '#Content Spoofing Via Application API Manipulation', ''),
(228, NULL, NULL, NULL, NULL, NULL, NULL, 39, 'capec-39', 'Manipulating Opaque Client-based Data Tokens', 'Subvert Access Control', 'Exploiting Trust in Client', '#Manipulating Opaque Client-based Data Tokens', '', ''),
(229, NULL, NULL, NULL, NULL, NULL, NULL, 390, 'capec-390', 'Bypassing Physical Security', 'Subvert Access Control', '# Subvert Access Control', '', '', ''),
(230, NULL, NULL, NULL, NULL, NULL, NULL, 391, 'capec-391', 'Bypassing Physical Locks', 'Subvert Access Control', 'Bypassing Physical Security', '#Bypassing Physical Locks', '', ''),
(231, NULL, NULL, NULL, NULL, NULL, NULL, 392, 'capec-392', 'Lock Bumping', 'Subvert Access Control', 'Bypassing Physical Security', 'Bypassing Physical Locks', '#Lock Bumping', ''),
(232, NULL, NULL, NULL, NULL, NULL, NULL, 393, 'capec-393', 'Lock Picking', 'Subvert Access Control', 'Bypassing Physical Security', 'Bypassing Physical Locks', '#Lock Picking', ''),
(233, NULL, NULL, NULL, NULL, NULL, NULL, 394, 'capec-394', 'Using a Snap Gun Lock to Force a Lock', 'Subvert Access Control', 'Bypassing Physical Security', 'Bypassing Physical Locks', '#Using a Snap Gun Lock to Force a Lock', ''),
(234, NULL, NULL, NULL, NULL, NULL, NULL, 395, 'capec-395', 'Bypassing Electronic Locks and Access Controls', 'Subvert Access Control', 'Bypassing Physical Security', '#Bypassing Electronic Locks and Access Controls', '', ''),
(235, NULL, NULL, NULL, NULL, NULL, NULL, 397, 'capec-397', 'Cloning Magnetic Strip Cards', 'Subvert Access Control', 'Bypassing Physical Security', 'Bypassing Electronic Locks and Access Controls', '#Cloning Magnetic Strip Cards', ''),
(236, NULL, NULL, NULL, NULL, NULL, NULL, 398, 'capec-398', 'Magnetic Strip Card Brute Force Attacks', 'Subvert Access Control', 'Bypassing Physical Security', 'Bypassing Electronic Locks and Access Controls', '#Magnetic Strip Card Brute Force Attacks', ''),
(237, NULL, NULL, NULL, NULL, NULL, NULL, 399, 'capec-399', 'Cloning RFID Cards or Chips', 'Subvert Access Control', 'Bypassing Physical Security', 'Bypassing Electronic Locks and Access Controls', '#Cloning RFID Cards or Chips', ''),
(238, NULL, NULL, NULL, NULL, NULL, NULL, 4, 'capec-4', 'Using Alternative IP Address Encodings', 'Manipulate Data Structures', 'Input Data Manipulation', 'Leverage Alternate Encoding', '#Using Alternative IP Address Encodings', ''),
(239, NULL, NULL, NULL, NULL, NULL, NULL, 40, 'capec-40', 'Manipulating Writeable Terminal Devices', 'Inject Unexpected Items', 'Command Injection', '#Manipulating Writeable Terminal Devices', '', ''),
(240, NULL, NULL, NULL, NULL, NULL, NULL, 400, 'capec-400', 'RFID Chip Deactivation or Destruction', 'Subvert Access Control', 'Bypassing Physical Security', 'Bypassing Electronic Locks and Access Controls', '#RFID Chip Deactivation or Destruction', ''),
(241, NULL, NULL, NULL, NULL, NULL, NULL, 401, 'capec-401', 'Physically Hacking Hardware', 'Manipulate System Resources', 'Hardware Integrity Attack', '#Physically Hacking Hardware', '', ''),
(242, NULL, NULL, NULL, NULL, NULL, NULL, 402, 'capec-402', 'Bypassing ATA Password Security', 'Manipulate System Resources', 'Hardware Integrity Attack', 'Physically Hacking Hardware', '#Bypassing ATA Password Security', ''),
(243, NULL, NULL, NULL, NULL, NULL, NULL, 406, 'capec-406', 'Dumpster Diving', 'Collect and Analyze Information', 'Excavation', 'Collect Data from Common Resource Locations', '#Dumpster Diving', ''),
(244, NULL, NULL, NULL, NULL, NULL, NULL, 407, 'capec-407', 'Pretexting', 'Engage in Deceptive Interactions', 'Manipulate Human Behavior', '#Pretexting', '', ''),
(245, NULL, NULL, NULL, NULL, NULL, NULL, 41, 'capec-41', 'Using Meta-characters in E-mail Headers to Inject Malicious Payloads', 'Inject Unexpected Items', 'Code Injection', '#Using Meta-characters in E-mail Headers to Inject Malicious Payloads', '', ''),
(246, NULL, NULL, NULL, NULL, NULL, NULL, 410, 'capec-410', 'Information Elicitation', 'Collect and Analyze Information', '# Collect and Analyze Information', '', '', ''),
(247, NULL, NULL, NULL, NULL, NULL, NULL, 412, 'capec-412', 'Pretexting via Customer Service', 'Engage in Deceptive Interactions', 'Manipulate Human Behavior', 'Pretexting', '#Pretexting via Customer Service', ''),
(248, NULL, NULL, NULL, NULL, NULL, NULL, 413, 'capec-413', 'Pretexting via Tech Support', 'Engage in Deceptive Interactions', 'Manipulate Human Behavior', 'Pretexting', '#Pretexting via Tech Support', ''),
(249, NULL, NULL, NULL, NULL, NULL, NULL, 414, 'capec-414', 'Pretexting via Delivery Person', 'Engage in Deceptive Interactions', 'Manipulate Human Behavior', 'Pretexting', '#Pretexting via Delivery Person', ''),
(250, NULL, NULL, NULL, NULL, NULL, NULL, 415, 'capec-415', 'Pretexting via Phone', 'Engage in Deceptive Interactions', 'Manipulate Human Behavior', 'Pretexting', '#Pretexting via Phone', ''),
(251, NULL, NULL, NULL, NULL, NULL, NULL, 416, 'capec-416', 'Manipulate Human Behavior', 'Engage in Deceptive Interactions', '# Engage in Deceptive Interactions', '', '', ''),
(252, NULL, NULL, NULL, NULL, NULL, NULL, 417, 'capec-417', 'Influence Perception', 'Engage in Deceptive Interactions', 'Manipulate Human Behavior', '#Influence Perception', '', ''),
(253, NULL, NULL, NULL, NULL, NULL, NULL, 418, 'capec-418', 'Influence Perception of Reciprocation', 'Engage in Deceptive Interactions', 'Manipulate Human Behavior', 'Influence Perception', '#Influence Perception of Reciprocation', '');
INSERT INTO `capec` (`id`, `created_by`, `created_on`, `modified_by`, `modified_on`, `short_order`, `version`, `capec_id`, `code`, `name`, `ma_category1`, `ma_category2`, `ma_category3`, `ma_category4`, `ma_category5`) VALUES
(254, NULL, NULL, NULL, NULL, NULL, NULL, 42, 'capec-42', 'MIME Conversion', 'Manipulate Data Structures', 'Buffer Manipulation', 'Overflow Buffers', '#MIME Conversion', ''),
(255, NULL, NULL, NULL, NULL, NULL, NULL, 420, 'capec-420', 'Influence Perception of Scarcity', 'Engage in Deceptive Interactions', 'Manipulate Human Behavior', 'Influence Perception', '#Influence Perception of Scarcity', ''),
(256, NULL, NULL, NULL, NULL, NULL, NULL, 421, 'capec-421', 'Influence Perception of Authority', 'Engage in Deceptive Interactions', 'Manipulate Human Behavior', 'Influence Perception', '#Influence Perception of Authority', ''),
(257, NULL, NULL, NULL, NULL, NULL, NULL, 422, 'capec-422', 'Influence Perception of Commitment and Consistency', 'Engage in Deceptive Interactions', 'Manipulate Human Behavior', 'Influence Perception', '#Influence Perception of Commitment and Consistency', ''),
(258, NULL, NULL, NULL, NULL, NULL, NULL, 423, 'capec-423', 'Influence Perception of Liking', 'Engage in Deceptive Interactions', 'Manipulate Human Behavior', 'Influence Perception', '#Influence Perception of Liking', ''),
(259, NULL, NULL, NULL, NULL, NULL, NULL, 424, 'capec-424', 'Influence Perception of Consensus or Social Proof', 'Engage in Deceptive Interactions', 'Manipulate Human Behavior', 'Influence Perception', '#Influence Perception of Consensus or Social Proof', ''),
(260, NULL, NULL, NULL, NULL, NULL, NULL, 425, 'capec-425', 'Target Influence via Framing', 'Engage in Deceptive Interactions', 'Manipulate Human Behavior', '#Target Influence via Framing', '', ''),
(261, NULL, NULL, NULL, NULL, NULL, NULL, 426, 'capec-426', 'Influence via Incentives', 'Engage in Deceptive Interactions', 'Manipulate Human Behavior', '#Influence via Incentives', '', ''),
(262, NULL, NULL, NULL, NULL, NULL, NULL, 427, 'capec-427', 'Influence via Psychological Principles', 'Engage in Deceptive Interactions', 'Manipulate Human Behavior', '#Influence via Psychological Principles', '', ''),
(263, NULL, NULL, NULL, NULL, NULL, NULL, 428, 'capec-428', 'Influence via Modes of Thinking', 'Engage in Deceptive Interactions', 'Manipulate Human Behavior', 'Influence via Psychological Principles', '#Influence via Modes of Thinking', ''),
(264, NULL, NULL, NULL, NULL, NULL, NULL, 429, 'capec-429', 'Target Influence via Eye Cues', 'Engage in Deceptive Interactions', 'Manipulate Human Behavior', 'Influence via Psychological Principles', '#Target Influence via Eye Cues', ''),
(265, NULL, NULL, NULL, NULL, NULL, NULL, 43, 'capec-43', 'Exploiting Multiple Input Interpretation Layers', 'Manipulate Data Structures', 'Input Data Manipulation', 'Leverage Alternate Encoding', '#Exploiting Multiple Input Interpretation Layers', ''),
(266, NULL, NULL, NULL, NULL, NULL, NULL, 433, 'capec-433', 'Target Influence via The Human Buffer Overflow', 'Engage in Deceptive Interactions', 'Manipulate Human Behavior', 'Influence via Psychological Principles', '#Target Influence via The Human Buffer Overflow', ''),
(267, NULL, NULL, NULL, NULL, NULL, NULL, 434, 'capec-434', 'Target Influence via Interview and Interrogation', 'Engage in Deceptive Interactions', 'Manipulate Human Behavior', 'Influence via Psychological Principles', '#Target Influence via Interview and Interrogation', ''),
(268, NULL, NULL, NULL, NULL, NULL, NULL, 435, 'capec-435', 'Target Influence via Instant Rapport', 'Engage in Deceptive Interactions', 'Manipulate Human Behavior', 'Influence via Psychological Principles', '#Target Influence via Instant Rapport', ''),
(269, NULL, NULL, NULL, NULL, NULL, NULL, 438, 'capec-438', 'Modification During Manufacture', 'Manipulate System Resources', '# Manipulate System Resources', '', '', ''),
(270, NULL, NULL, NULL, NULL, NULL, NULL, 439, 'capec-439', 'Manipulation During Distribution', 'Manipulate System Resources', '# Manipulate System Resources', '', '', ''),
(271, NULL, NULL, NULL, NULL, NULL, NULL, 44, 'capec-44', 'Overflow Binary Resource File', 'Manipulate Data Structures', 'Buffer Manipulation', 'Overflow Buffers', '#Overflow Binary Resource File', ''),
(272, NULL, NULL, NULL, NULL, NULL, NULL, 440, 'capec-440', 'Hardware Integrity Attack', 'Manipulate System Resources', '# Manipulate System Resources', '', '', ''),
(273, NULL, NULL, NULL, NULL, NULL, NULL, 441, 'capec-441', 'Malicious Logic Insertion', 'Manipulate System Resources', '# Manipulate System Resources', '', '', ''),
(274, NULL, NULL, NULL, NULL, NULL, NULL, 442, 'capec-442', 'Infected Software', 'Manipulate System Resources', 'Malicious Logic Insertion', '#Infected Software', '', ''),
(275, NULL, NULL, NULL, NULL, NULL, NULL, 443, 'capec-443', 'Malicious Logic Inserted Into Product Software by Authorized Developer', 'Manipulate System Resources', 'Modification During Manufacture', 'Development Alteration', '#Malicious Logic Inserted Into Product Software by Authorized Developer', ''),
(276, NULL, NULL, NULL, NULL, NULL, NULL, 444, 'capec-444', 'Development Alteration', 'Manipulate System Resources', 'Modification During Manufacture', '#Development Alteration', '', ''),
(277, NULL, NULL, NULL, NULL, NULL, NULL, 445, 'capec-445', 'Malicious Logic Insertion into Product Software via Configuration Management Manipulation', 'Manipulate System Resources', 'Modification During Manufacture', 'Development Alteration', '#Malicious Logic Insertion into Product Software via Configuration Management Manipulation', ''),
(278, NULL, NULL, NULL, NULL, NULL, NULL, 446, 'capec-446', 'Malicious Logic Insertion into Product Software via Inclusion of 3rd Party Component Dependency', 'Manipulate System Resources', 'Modification During Manufacture', 'Development Alteration', '#Malicious Logic Insertion into Product Software via Inclusion of 3rd Party Component Dependency', ''),
(279, NULL, NULL, NULL, NULL, NULL, NULL, 447, 'capec-447', 'Design Alteration', 'Manipulate System Resources', 'Modification During Manufacture', '#Design Alteration', '', ''),
(280, NULL, NULL, NULL, NULL, NULL, NULL, 448, 'capec-448', 'Embed Virus into DLL', 'Manipulate System Resources', 'Malicious Logic Insertion', 'Infected Software', '#Embed Virus into DLL', ''),
(281, NULL, NULL, NULL, NULL, NULL, NULL, 45, 'capec-45', 'Buffer Overflow via Symbolic Links', 'Manipulate Data Structures', 'Buffer Manipulation', 'Overflow Buffers', '#Buffer Overflow via Symbolic Links', ''),
(282, NULL, NULL, NULL, NULL, NULL, NULL, 452, 'capec-452', 'Infected Hardware', 'Manipulate System Resources', 'Malicious Logic Insertion', '#Infected Hardware', '', ''),
(283, NULL, NULL, NULL, NULL, NULL, NULL, 456, 'capec-456', 'Infected Memory', 'Manipulate System Resources', 'Malicious Logic Insertion', '#Infected Memory', '', ''),
(284, NULL, NULL, NULL, NULL, NULL, NULL, 457, 'capec-457', 'USB Memory Attacks', 'Manipulate System Resources', 'Malicious Logic Insertion', 'Infected Memory', '#USB Memory Attacks', ''),
(285, NULL, NULL, NULL, NULL, NULL, NULL, 458, 'capec-458', 'Flash Memory Attacks', 'Manipulate System Resources', 'Malicious Logic Insertion', 'Infected Memory', '#Flash Memory Attacks', ''),
(286, NULL, NULL, NULL, NULL, NULL, NULL, 459, 'capec-459', 'Creating a Rogue Certification Authority Certificate', 'Engage in Deceptive Interactions', 'Identity Spoofing', 'Signature Spoof', '#Creating a Rogue Certification Authority Certificate', ''),
(287, NULL, NULL, NULL, NULL, NULL, NULL, 46, 'capec-46', 'Overflow Variables and Tags', 'Manipulate Data Structures', 'Buffer Manipulation', 'Overflow Buffers', '#Overflow Variables and Tags', ''),
(288, NULL, NULL, NULL, NULL, NULL, NULL, 460, 'capec-460', 'HTTP Parameter Pollution (HPP)', 'Inject Unexpected Items', 'Parameter Injection', 'Command Delimiters', '#HTTP Parameter Pollution (HPP)', ''),
(289, NULL, NULL, NULL, NULL, NULL, NULL, 461, 'capec-461', 'Web Services API Signature Forgery Leveraging Hash Function Extension Weakness', 'Subvert Access Control', 'Authentication Bypass', '#Web Services API Signature Forgery Leveraging Hash Function Extension Weakness', '', ''),
(290, NULL, NULL, NULL, NULL, NULL, NULL, 462, 'capec-462', 'Cross-Domain Search Timing', 'Collect and Analyze Information', 'Excavation', 'Query System for Information', '#Cross-Domain Search Timing', ''),
(291, NULL, NULL, NULL, NULL, NULL, NULL, 463, 'capec-463', 'Padding Oracle Crypto Attack', 'Collect and Analyze Information', 'Protocol Analysis', 'Cryptanalysis', '#Padding Oracle Crypto Attack', ''),
(292, NULL, NULL, NULL, NULL, NULL, NULL, 464, 'capec-464', 'Evercookie', 'Abuse Existing Functionality', 'Functionality Bypass', '#Evercookie', '', ''),
(293, NULL, NULL, NULL, NULL, NULL, NULL, 465, 'capec-465', 'Transparent Proxy Abuse', 'Abuse Existing Functionality', 'Functionality Bypass', '#Transparent Proxy Abuse', '', ''),
(294, NULL, NULL, NULL, NULL, NULL, NULL, 466, 'capec-466', 'Leveraging Active Adversary in the Middle Attacks to Bypass Same Origin Policy', 'Subvert Access Control', 'Adversary in the Middle (AiTM)', '#Leveraging Active Adversary in the Middle Attacks to Bypass Same Origin Policy', '', ''),
(295, NULL, NULL, NULL, NULL, NULL, NULL, 467, 'capec-467', 'Cross Site Identification', 'Subvert Access Control', 'Exploitation of Trusted Identifiers', 'Cross Site Request Forgery', '#Cross Site Identification', ''),
(296, NULL, NULL, NULL, NULL, NULL, NULL, 468, 'capec-468', 'Generic Cross-Browser Cross-Domain Theft', 'Inject Unexpected Items', 'Code Injection', '#Generic Cross-Browser Cross-Domain Theft', '', ''),
(297, NULL, NULL, NULL, NULL, NULL, NULL, 469, 'capec-469', 'HTTP DoS', 'Abuse Existing Functionality', 'Sustained Client Engagement', '#HTTP DoS', '', ''),
(298, NULL, NULL, NULL, NULL, NULL, NULL, 47, 'capec-47', 'Buffer Overflow via Parameter Expansion', 'Manipulate Data Structures', 'Buffer Manipulation', 'Overflow Buffers', '#Buffer Overflow via Parameter Expansion', ''),
(299, NULL, NULL, NULL, NULL, NULL, NULL, 470, 'capec-470', 'Expanding Control over the Operating System from the Database', 'Inject Unexpected Items', 'Command Injection', 'SQL Injection', '#Expanding Control over the Operating System from the Database', ''),
(300, NULL, NULL, NULL, NULL, NULL, NULL, 471, 'capec-471', 'Search Order Hijacking', 'Engage in Deceptive Interactions', 'Resource Location Spoofing', 'Redirect Access to Libraries', '#Search Order Hijacking', ''),
(301, NULL, NULL, NULL, NULL, NULL, NULL, 472, 'capec-472', 'Browser Fingerprinting', 'Collect and Analyze Information', 'Fingerprinting', 'Application Fingerprinting', '#Browser Fingerprinting', ''),
(302, NULL, NULL, NULL, NULL, NULL, NULL, 473, 'capec-473', 'Signature Spoof', 'Engage in Deceptive Interactions', 'Identity Spoofing', '#Signature Spoof', '', ''),
(303, NULL, NULL, NULL, NULL, NULL, NULL, 474, 'capec-474', 'Signature Spoofing by Key Theft', 'Engage in Deceptive Interactions', 'Identity Spoofing', 'Signature Spoof', '#Signature Spoofing by Key Theft', ''),
(304, NULL, NULL, NULL, NULL, NULL, NULL, 475, 'capec-475', 'Signature Spoofing by Improper Validation', 'Engage in Deceptive Interactions', 'Identity Spoofing', 'Signature Spoof', '#Signature Spoofing by Improper Validation', ''),
(305, NULL, NULL, NULL, NULL, NULL, NULL, 476, 'capec-476', 'Signature Spoofing by Misrepresentation', 'Engage in Deceptive Interactions', 'Identity Spoofing', 'Signature Spoof', '#Signature Spoofing by Misrepresentation', ''),
(306, NULL, NULL, NULL, NULL, NULL, NULL, 477, 'capec-477', 'Signature Spoofing by Mixing Signed and Unsigned Content', 'Engage in Deceptive Interactions', 'Identity Spoofing', 'Signature Spoof', '#Signature Spoofing by Mixing Signed and Unsigned Content', ''),
(307, NULL, NULL, NULL, NULL, NULL, NULL, 478, 'capec-478', 'Modification of Windows Service Configuration', 'Manipulate System Resources', 'Configuration/Environment Manipulation', 'Manipulate Registry Information', '#Modification of Windows Service Configuration', ''),
(308, NULL, NULL, NULL, NULL, NULL, NULL, 479, 'capec-479', 'Malicious Root Certificate', 'Engage in Deceptive Interactions', 'Identity Spoofing', 'Signature Spoof', '#Malicious Root Certificate', ''),
(309, NULL, NULL, NULL, NULL, NULL, NULL, 48, 'capec-48', 'Passing Local Filenames to Functions That Expect a URL', 'Abuse Existing Functionality', 'Functionality Misuse', '#Passing Local Filenames to Functions That Expect a URL', '', ''),
(310, NULL, NULL, NULL, NULL, NULL, NULL, 480, 'capec-480', 'Escaping Virtualization', 'Subvert Access Control', 'Authentication Bypass', '#Escaping Virtualization', '', ''),
(311, NULL, NULL, NULL, NULL, NULL, NULL, 481, 'capec-481', 'Contradictory Destinations in Traffic Routing Schemes', 'Manipulate System Resources', 'Infrastructure Manipulation', '#Contradictory Destinations in Traffic Routing Schemes', '', ''),
(312, NULL, NULL, NULL, NULL, NULL, NULL, 482, 'capec-482', 'TCP Flood', 'Abuse Existing Functionality', 'Flooding', '#TCP Flood', '', ''),
(313, NULL, NULL, NULL, NULL, NULL, NULL, 485, 'capec-485', 'Signature Spoofing by Key Recreation', 'Engage in Deceptive Interactions', 'Identity Spoofing', 'Signature Spoof', '#Signature Spoofing by Key Recreation', ''),
(314, NULL, NULL, NULL, NULL, NULL, NULL, 486, 'capec-486', 'UDP Flood', 'Abuse Existing Functionality', 'Flooding', '#UDP Flood', '', ''),
(315, NULL, NULL, NULL, NULL, NULL, NULL, 487, 'capec-487', 'ICMP Flood', 'Abuse Existing Functionality', 'Flooding', '#ICMP Flood', '', ''),
(316, NULL, NULL, NULL, NULL, NULL, NULL, 488, 'capec-488', 'HTTP Flood', 'Abuse Existing Functionality', 'Flooding', '#HTTP Flood', '', ''),
(317, NULL, NULL, NULL, NULL, NULL, NULL, 489, 'capec-489', 'SSL Flood', 'Abuse Existing Functionality', 'Flooding', '#SSL Flood', '', ''),
(318, NULL, NULL, NULL, NULL, NULL, NULL, 49, 'capec-49', 'Password Brute Forcing', 'Employ Probabilistic Techniques', 'Brute Force', '#Password Brute Forcing', '', ''),
(319, NULL, NULL, NULL, NULL, NULL, NULL, 490, 'capec-490', 'Amplification', 'Abuse Existing Functionality', 'Flooding', '#Amplification', '', ''),
(320, NULL, NULL, NULL, NULL, NULL, NULL, 491, 'capec-491', 'Quadratic Data Expansion', 'Abuse Existing Functionality', 'Excessive Allocation', 'Serialized Data with Nested Payloads', '#Quadratic Data Expansion', ''),
(321, NULL, NULL, NULL, NULL, NULL, NULL, 492, 'capec-492', 'Regular Expression Exponential Blowup', 'Abuse Existing Functionality', 'Excessive Allocation', '#Regular Expression Exponential Blowup', '', ''),
(322, NULL, NULL, NULL, NULL, NULL, NULL, 493, 'capec-493', 'SOAP Array Blowup', 'Abuse Existing Functionality', 'Excessive Allocation', '#SOAP Array Blowup', '', ''),
(323, NULL, NULL, NULL, NULL, NULL, NULL, 494, 'capec-494', 'TCP Fragmentation', 'Abuse Existing Functionality', 'Excessive Allocation', '#TCP Fragmentation', '', ''),
(324, NULL, NULL, NULL, NULL, NULL, NULL, 495, 'capec-495', 'UDP Fragmentation', 'Abuse Existing Functionality', 'Excessive Allocation', '#UDP Fragmentation', '', ''),
(325, NULL, NULL, NULL, NULL, NULL, NULL, 496, 'capec-496', 'ICMP Fragmentation', 'Abuse Existing Functionality', 'Excessive Allocation', '#ICMP Fragmentation', '', ''),
(326, NULL, NULL, NULL, NULL, NULL, NULL, 497, 'capec-497', 'File Discovery', 'Collect and Analyze Information', 'Footprinting', '#File Discovery', '', ''),
(327, NULL, NULL, NULL, NULL, NULL, NULL, 498, 'capec-498', 'Probe iOS Screenshots', 'Collect and Analyze Information', 'Excavation', 'Pull Data from System Resources', '#Probe iOS Screenshots', ''),
(328, NULL, NULL, NULL, NULL, NULL, NULL, 499, 'capec-499', 'Android Intent Intercept', 'Collect and Analyze Information', 'Interception', '#Android Intent Intercept', '', ''),
(329, NULL, NULL, NULL, NULL, NULL, NULL, 5, 'capec-5', 'Blue Boxing', 'Abuse Existing Functionality', 'Protocol Manipulation', 'Client-Server Protocol Manipulation', '#Blue Boxing', ''),
(330, NULL, NULL, NULL, NULL, NULL, NULL, 50, 'capec-50', 'Password Recovery Exploitation', 'Abuse Existing Functionality', 'Functionality Misuse', '#Password Recovery Exploitation', '', ''),
(331, NULL, NULL, NULL, NULL, NULL, NULL, 500, 'capec-500', 'WebView Injection', 'Inject Unexpected Items', 'Code Inclusion', 'Remote Code Inclusion', '#WebView Injection', ''),
(332, NULL, NULL, NULL, NULL, NULL, NULL, 501, 'capec-501', 'Android Activity Hijack', 'Collect and Analyze Information', 'Interception', 'Android Intent Intercept', '#Android Activity Hijack', ''),
(333, NULL, NULL, NULL, NULL, NULL, NULL, 502, 'capec-502', 'Intent Spoof', 'Engage in Deceptive Interactions', 'Content Spoofing', '#Intent Spoof', '', ''),
(334, NULL, NULL, NULL, NULL, NULL, NULL, 503, 'capec-503', 'WebView Exposure', 'Subvert Access Control', 'Privilege Abuse', '#WebView Exposure', '', ''),
(335, NULL, NULL, NULL, NULL, NULL, NULL, 504, 'capec-504', 'Task Impersonation', 'Engage in Deceptive Interactions', 'Action Spoofing', '#Task Impersonation', '', ''),
(336, NULL, NULL, NULL, NULL, NULL, NULL, 505, 'capec-505', 'Scheme Squatting', 'Engage in Deceptive Interactions', 'Resource Location Spoofing', 'Establish Rogue Location', '#Scheme Squatting', ''),
(337, NULL, NULL, NULL, NULL, NULL, NULL, 506, 'capec-506', 'Tapjacking', 'Engage in Deceptive Interactions', 'Action Spoofing', '#Tapjacking', '', ''),
(338, NULL, NULL, NULL, NULL, NULL, NULL, 507, 'capec-507', 'Physical Theft', 'Subvert Access Control', '# Subvert Access Control', '', '', ''),
(339, NULL, NULL, NULL, NULL, NULL, NULL, 508, 'capec-508', 'Shoulder Surfing', 'Collect and Analyze Information', 'Interception', 'Eavesdropping', '#Shoulder Surfing', ''),
(340, NULL, NULL, NULL, NULL, NULL, NULL, 509, 'capec-509', 'Kerberoasting', 'Subvert Access Control', 'Use of Known Domain Credentials', 'Use of Known Kerberos Credentials', '#Kerberoasting', ''),
(341, NULL, NULL, NULL, NULL, NULL, NULL, 51, 'capec-51', 'Poison Web Service Registry', 'Manipulate System Resources', 'Configuration/Environment Manipulation', 'Manipulate Registry Information', '#Poison Web Service Registry', ''),
(342, NULL, NULL, NULL, NULL, NULL, NULL, 510, 'capec-510', 'SaaS User Request Forgery', 'Subvert Access Control', 'Exploitation of Trusted Identifiers', '#SaaS User Request Forgery', '', ''),
(343, NULL, NULL, NULL, NULL, NULL, NULL, 511, 'capec-511', 'Infiltration of Software Development Environment', 'Manipulate System Resources', 'Modification During Manufacture', 'Development Alteration', '#Infiltration of Software Development Environment', ''),
(344, NULL, NULL, NULL, NULL, NULL, NULL, 516, 'capec-516', 'Hardware Component Substitution During Baselining', 'Manipulate System Resources', 'Modification During Manufacture', 'Development Alteration', '#Hardware Component Substitution During Baselining', ''),
(345, NULL, NULL, NULL, NULL, NULL, NULL, 517, 'capec-517', 'Documentation Alteration to Circumvent Dial-down', 'Manipulate System Resources', 'Modification During Manufacture', 'Design Alteration', '#Documentation Alteration to Circumvent Dial-down', ''),
(346, NULL, NULL, NULL, NULL, NULL, NULL, 518, 'capec-518', 'Documentation Alteration to Produce Under-performing Systems', 'Manipulate System Resources', 'Modification During Manufacture', 'Design Alteration', '#Documentation Alteration to Produce Under-performing Systems', ''),
(347, NULL, NULL, NULL, NULL, NULL, NULL, 519, 'capec-519', 'Documentation Alteration to Cause Errors in System Design', 'Manipulate System Resources', 'Modification During Manufacture', 'Design Alteration', '#Documentation Alteration to Cause Errors in System Design', ''),
(348, NULL, NULL, NULL, NULL, NULL, NULL, 52, 'capec-52', 'Embedding NULL Bytes', 'Manipulate Data Structures', 'Input Data Manipulation', 'Leverage Alternate Encoding', '#Embedding NULL Bytes', ''),
(349, NULL, NULL, NULL, NULL, NULL, NULL, 520, 'capec-520', 'Counterfeit Hardware Component Inserted During Product Assembly', 'Manipulate System Resources', 'Modification During Manufacture', 'Development Alteration', '#Counterfeit Hardware Component Inserted During Product Assembly', ''),
(350, NULL, NULL, NULL, NULL, NULL, NULL, 521, 'capec-521', 'Hardware Design Specifications Are Altered', 'Manipulate System Resources', 'Modification During Manufacture', 'Design Alteration', '#Hardware Design Specifications Are Altered', ''),
(351, NULL, NULL, NULL, NULL, NULL, NULL, 522, 'capec-522', 'Malicious Hardware Component Replacement', 'Manipulate System Resources', 'Manipulation During Distribution', '#Malicious Hardware Component Replacement', '', ''),
(352, NULL, NULL, NULL, NULL, NULL, NULL, 523, 'capec-523', 'Malicious Software Implanted', 'Manipulate System Resources', 'Manipulation During Distribution', '#Malicious Software Implanted', '', ''),
(353, NULL, NULL, NULL, NULL, NULL, NULL, 524, 'capec-524', 'Rogue Integration Procedures', 'Manipulate System Resources', 'Manipulation During Distribution', '#Rogue Integration Procedures', '', ''),
(354, NULL, NULL, NULL, NULL, NULL, NULL, 528, 'capec-528', 'XML Flood', 'Abuse Existing Functionality', 'Flooding', '#XML Flood', '', ''),
(355, NULL, NULL, NULL, NULL, NULL, NULL, 529, 'capec-529', 'Malware-Directed Internal Reconnaissance', 'Collect and Analyze Information', 'Footprinting', '#Malware-Directed Internal Reconnaissance', '', ''),
(356, NULL, NULL, NULL, NULL, NULL, NULL, 53, 'capec-53', 'Postfix, Null Terminate, and Backslash', 'Manipulate Data Structures', 'Input Data Manipulation', 'Leverage Alternate Encoding', '#Postfix, Null Terminate, and Backslash', ''),
(357, NULL, NULL, NULL, NULL, NULL, NULL, 530, 'capec-530', 'Provide Counterfeit Component', 'Manipulate System Resources', 'Hardware Integrity Attack', 'Malicious Hardware Update', 'Hardware Component Substitution', '#Provide Counterfeit Component'),
(358, NULL, NULL, NULL, NULL, NULL, NULL, 531, 'capec-531', 'Hardware Component Substitution', 'Manipulate System Resources', 'Hardware Integrity Attack', 'Malicious Hardware Update', '#Hardware Component Substitution', ''),
(359, NULL, NULL, NULL, NULL, NULL, NULL, 532, 'capec-532', 'Altered Installed BIOS', 'Manipulate System Resources', 'Modification During Manufacture', 'Development Alteration', '#Altered Installed BIOS', ''),
(360, NULL, NULL, NULL, NULL, NULL, NULL, 533, 'capec-533', 'Malicious Manual Software Update', 'Manipulate System Resources', 'Software Integrity Attack', 'Malicious Software Update', '#Malicious Manual Software Update', ''),
(361, NULL, NULL, NULL, NULL, NULL, NULL, 534, 'capec-534', 'Malicious Hardware Update', 'Manipulate System Resources', 'Hardware Integrity Attack', '#Malicious Hardware Update', '', ''),
(362, NULL, NULL, NULL, NULL, NULL, NULL, 535, 'capec-535', 'Malicious Gray Market Hardware', 'Manipulate System Resources', 'Hardware Integrity Attack', 'Malicious Hardware Update', 'Hardware Component Substitution', '#Malicious Gray Market Hardware'),
(363, NULL, NULL, NULL, NULL, NULL, NULL, 536, 'capec-536', 'Data Injected During Configuration', 'Manipulate System Resources', 'Configuration/Environment Manipulation', '#Data Injected During Configuration', '', ''),
(364, NULL, NULL, NULL, NULL, NULL, NULL, 537, 'capec-537', 'Infiltration of Hardware Development Environment', 'Manipulate System Resources', 'Modification During Manufacture', 'Development Alteration', '#Infiltration of Hardware Development Environment', ''),
(365, NULL, NULL, NULL, NULL, NULL, NULL, 538, 'capec-538', 'Open-Source Library Manipulation', 'Manipulate System Resources', 'Modification During Manufacture', 'Development Alteration', '#Open-Source Library Manipulation', ''),
(366, NULL, NULL, NULL, NULL, NULL, NULL, 539, 'capec-539', 'ASIC With Malicious Functionality', 'Manipulate System Resources', 'Modification During Manufacture', 'Development Alteration', '#ASIC With Malicious Functionality', ''),
(367, NULL, NULL, NULL, NULL, NULL, NULL, 54, 'capec-54', 'Query System for Information', 'Collect and Analyze Information', 'Excavation', '#Query System for Information', '', ''),
(368, NULL, NULL, NULL, NULL, NULL, NULL, 540, 'capec-540', 'Overread Buffers', 'Manipulate Data Structures', 'Buffer Manipulation', '#Overread Buffers', '', ''),
(369, NULL, NULL, NULL, NULL, NULL, NULL, 541, 'capec-541', 'Application Fingerprinting', 'Collect and Analyze Information', 'Fingerprinting', '#Application Fingerprinting', '', ''),
(370, NULL, NULL, NULL, NULL, NULL, NULL, 542, 'capec-542', 'Targeted Malware', 'Inject Unexpected Items', 'Local Execution of Code', '#Targeted Malware', '', ''),
(371, NULL, NULL, NULL, NULL, NULL, NULL, 543, 'capec-543', 'Counterfeit Websites', 'Engage in Deceptive Interactions', 'Identity Spoofing', 'Fake the Source of Data', '#Counterfeit Websites', ''),
(372, NULL, NULL, NULL, NULL, NULL, NULL, 544, 'capec-544', 'Counterfeit Organizations', 'Engage in Deceptive Interactions', 'Identity Spoofing', 'Fake the Source of Data', '#Counterfeit Organizations', ''),
(373, NULL, NULL, NULL, NULL, NULL, NULL, 545, 'capec-545', 'Pull Data from System Resources', 'Collect and Analyze Information', 'Excavation', '#Pull Data from System Resources', '', ''),
(374, NULL, NULL, NULL, NULL, NULL, NULL, 546, 'capec-546', 'Incomplete Data Deletion in a Multi-Tenant Environment', 'Collect and Analyze Information', 'Excavation', 'Pull Data from System Resources', '#Incomplete Data Deletion in a Multi-Tenant Environment', ''),
(375, NULL, NULL, NULL, NULL, NULL, NULL, 547, 'capec-547', 'Physical Destruction of Device or Component', 'Manipulate System Resources', 'Obstruction', '#Physical Destruction of Device or Component', '', ''),
(376, NULL, NULL, NULL, NULL, NULL, NULL, 548, 'capec-548', 'Contaminate Resource', 'Manipulate System Resources', '# Manipulate System Resources', '', '', ''),
(377, NULL, NULL, NULL, NULL, NULL, NULL, 549, 'capec-549', 'Local Execution of Code', 'Inject Unexpected Items', '# Inject Unexpected Items', '', '', ''),
(378, NULL, NULL, NULL, NULL, NULL, NULL, 55, 'capec-55', 'Rainbow Table Password Cracking', 'Employ Probabilistic Techniques', 'Brute Force', 'Password Brute Forcing', '#Rainbow Table Password Cracking', ''),
(379, NULL, NULL, NULL, NULL, NULL, NULL, 550, 'capec-550', 'Install New Service', 'Inject Unexpected Items', 'Local Execution of Code', 'Targeted Malware', '#Install New Service', ''),
(380, NULL, NULL, NULL, NULL, NULL, NULL, 551, 'capec-551', 'Modify Existing Service', 'Inject Unexpected Items', 'Local Execution of Code', 'Targeted Malware', '#Modify Existing Service', ''),
(381, NULL, NULL, NULL, NULL, NULL, NULL, 552, 'capec-552', 'Install Rootkit ', 'Inject Unexpected Items', 'Local Execution of Code', 'Targeted Malware', '#Install Rootkit ', ''),
(382, NULL, NULL, NULL, NULL, NULL, NULL, 554, 'capec-554', 'Functionality Bypass', 'Abuse Existing Functionality', '# Abuse Existing Functionality', '', '', ''),
(383, NULL, NULL, NULL, NULL, NULL, NULL, 555, 'capec-555', 'Remote Services with Stolen Credentials', 'Subvert Access Control', 'Use of Known Domain Credentials', '#Remote Services with Stolen Credentials', '', ''),
(384, NULL, NULL, NULL, NULL, NULL, NULL, 556, 'capec-556', 'Replace File Extension Handlers', 'Inject Unexpected Items', 'Local Execution of Code', 'Targeted Malware', '#Replace File Extension Handlers', ''),
(385, NULL, NULL, NULL, NULL, NULL, NULL, 558, 'capec-558', 'Replace Trusted Executable', 'Inject Unexpected Items', 'Local Execution of Code', 'Targeted Malware', '#Replace Trusted Executable', ''),
(386, NULL, NULL, NULL, NULL, NULL, NULL, 559, 'capec-559', 'Orbital Jamming', 'Manipulate System Resources', 'Obstruction', 'Jamming', '#Orbital Jamming', ''),
(387, NULL, NULL, NULL, NULL, NULL, NULL, 560, 'capec-560', 'Use of Known Domain Credentials', 'Subvert Access Control', '# Subvert Access Control', '', '', ''),
(388, NULL, NULL, NULL, NULL, NULL, NULL, 561, 'capec-561', 'Windows Admin Shares with Stolen Credentials', 'Subvert Access Control', 'Use of Known Domain Credentials', 'Use of Known Windows Credentials', '#Windows Admin Shares with Stolen Credentials', ''),
(389, NULL, NULL, NULL, NULL, NULL, NULL, 562, 'capec-562', 'Modify Shared File', 'Subvert Access Control', 'Privilege Abuse', 'Using Malicious Files', '#Modify Shared File', ''),
(390, NULL, NULL, NULL, NULL, NULL, NULL, 563, 'capec-563', 'Add Malicious File to Shared Webroot', 'Subvert Access Control', 'Privilege Abuse', 'Using Malicious Files', '#Add Malicious File to Shared Webroot', ''),
(391, NULL, NULL, NULL, NULL, NULL, NULL, 564, 'capec-564', 'Run Software at Logon', 'Inject Unexpected Items', 'Local Execution of Code', 'Targeted Malware', '#Run Software at Logon', ''),
(392, NULL, NULL, NULL, NULL, NULL, NULL, 565, 'capec-565', 'Password Spraying', 'Employ Probabilistic Techniques', 'Brute Force', 'Password Brute Forcing', '#Password Spraying', ''),
(393, NULL, NULL, NULL, NULL, NULL, NULL, 568, 'capec-568', 'Capture Credentials via Keylogger', 'Collect and Analyze Information', 'Excavation', 'Collect Data as Provided by Users', '#Capture Credentials via Keylogger', ''),
(394, NULL, NULL, NULL, NULL, NULL, NULL, 569, 'capec-569', 'Collect Data as Provided by Users', 'Collect and Analyze Information', 'Excavation', '#Collect Data as Provided by Users', '', ''),
(395, NULL, NULL, NULL, NULL, NULL, NULL, 57, 'capec-57', 'Utilizing REST`s Trust in the System Resource to Obtain Sensitive Data', 'Collect and Analyze Information', 'Interception', 'Sniffing Attacks', '#Utilizing REST`s Trust in the System Resource to Obtain Sensitive Data', ''),
(396, NULL, NULL, NULL, NULL, NULL, NULL, 571, 'capec-571', 'Block Logging to Central Repository', 'Manipulate System Resources', 'Infrastructure Manipulation', '#Block Logging to Central Repository', '', ''),
(397, NULL, NULL, NULL, NULL, NULL, NULL, 572, 'capec-572', 'Artificially Inflate File Sizes', 'Manipulate System Resources', 'File Manipulation', '#Artificially Inflate File Sizes', '', ''),
(398, NULL, NULL, NULL, NULL, NULL, NULL, 573, 'capec-573', 'Process Footprinting', 'Collect and Analyze Information', 'Footprinting', '#Process Footprinting', '', ''),
(399, NULL, NULL, NULL, NULL, NULL, NULL, 574, 'capec-574', 'Services Footprinting', 'Collect and Analyze Information', 'Footprinting', '#Services Footprinting', '', ''),
(400, NULL, NULL, NULL, NULL, NULL, NULL, 575, 'capec-575', 'Account Footprinting', 'Collect and Analyze Information', 'Footprinting', '#Account Footprinting', '', ''),
(401, NULL, NULL, NULL, NULL, NULL, NULL, 576, 'capec-576', 'Group Permission Footprinting', 'Collect and Analyze Information', 'Footprinting', '#Group Permission Footprinting', '', ''),
(402, NULL, NULL, NULL, NULL, NULL, NULL, 577, 'capec-577', 'Owner Footprinting', 'Collect and Analyze Information', 'Footprinting', '#Owner Footprinting', '', ''),
(403, NULL, NULL, NULL, NULL, NULL, NULL, 578, 'capec-578', 'Disable Security Software', 'Manipulate System Resources', 'Configuration/Environment Manipulation', '#Disable Security Software', '', ''),
(404, NULL, NULL, NULL, NULL, NULL, NULL, 579, 'capec-579', 'Replace Winlogon Helper DLL', 'Inject Unexpected Items', 'Local Execution of Code', 'Targeted Malware', '#Replace Winlogon Helper DLL', ''),
(405, NULL, NULL, NULL, NULL, NULL, NULL, 58, 'capec-58', 'Restful Privilege Elevation', 'Subvert Access Control', 'Privilege Abuse', 'Accessing Functionality Not Properly Constrained by ACLs', '#Restful Privilege Elevation', ''),
(406, NULL, NULL, NULL, NULL, NULL, NULL, 580, 'capec-580', 'System Footprinting', 'Collect and Analyze Information', 'Footprinting', '#System Footprinting', '', ''),
(407, NULL, NULL, NULL, NULL, NULL, NULL, 581, 'capec-581', 'Security Software Footprinting', 'Collect and Analyze Information', 'Footprinting', 'System Footprinting', '#Security Software Footprinting', ''),
(408, NULL, NULL, NULL, NULL, NULL, NULL, 582, 'capec-582', 'Route Disabling', 'Manipulate System Resources', 'Obstruction', '#Route Disabling', '', ''),
(409, NULL, NULL, NULL, NULL, NULL, NULL, 583, 'capec-583', 'Disabling Network Hardware', 'Manipulate System Resources', 'Obstruction', 'Route Disabling', '#Disabling Network Hardware', ''),
(410, NULL, NULL, NULL, NULL, NULL, NULL, 584, 'capec-584', 'BGP Route Disabling', 'Manipulate System Resources', 'Obstruction', 'Route Disabling', '#BGP Route Disabling', ''),
(411, NULL, NULL, NULL, NULL, NULL, NULL, 585, 'capec-585', 'DNS Domain Seizure', 'Manipulate System Resources', 'Obstruction', 'Route Disabling', '#DNS Domain Seizure', ''),
(412, NULL, NULL, NULL, NULL, NULL, NULL, 586, 'capec-586', 'Object Injection', 'Inject Unexpected Items', '# Inject Unexpected Items', '', '', ''),
(413, NULL, NULL, NULL, NULL, NULL, NULL, 587, 'capec-587', 'Cross Frame Scripting (XFS)', 'Engage in Deceptive Interactions', 'Identity Spoofing', 'Principal Spoof', '#Cross Frame Scripting (XFS)', ''),
(414, NULL, NULL, NULL, NULL, NULL, NULL, 588, 'capec-588', 'DOM-Based XSS', 'Inject Unexpected Items', 'Code Injection', 'Cross-Site Scripting (XSS)', '#DOM-Based XSS', ''),
(415, NULL, NULL, NULL, NULL, NULL, NULL, 589, 'capec-589', 'DNS Blocking', 'Manipulate System Resources', 'Obstruction', 'Blockage', '#DNS Blocking', ''),
(416, NULL, NULL, NULL, NULL, NULL, NULL, 59, 'capec-59', 'Session Credential Falsification through Prediction', '', '', '', '', ''),
(417, NULL, NULL, NULL, NULL, NULL, NULL, 590, 'capec-590', 'IP Address Blocking', 'Manipulate System Resources', 'Obstruction', 'Blockage', '#IP Address Blocking', ''),
(418, NULL, NULL, NULL, NULL, NULL, NULL, 591, 'capec-591', 'Reflected XSS', 'Inject Unexpected Items', 'Code Injection', 'Cross-Site Scripting (XSS)', '#Reflected XSS', ''),
(419, NULL, NULL, NULL, NULL, NULL, NULL, 592, 'capec-592', 'Stored XSS', 'Inject Unexpected Items', 'Code Injection', 'Cross-Site Scripting (XSS)', '#Stored XSS', ''),
(420, NULL, NULL, NULL, NULL, NULL, NULL, 593, 'capec-593', 'Session Hijacking', 'Subvert Access Control', 'Exploitation of Trusted Identifiers', '#Session Hijacking', '', ''),
(421, NULL, NULL, NULL, NULL, NULL, NULL, 594, 'capec-594', 'Traffic Injection', 'Inject Unexpected Items', '# Inject Unexpected Items', '', '', ''),
(422, NULL, NULL, NULL, NULL, NULL, NULL, 595, 'capec-595', 'Connection Reset', 'Inject Unexpected Items', 'Traffic Injection', '#Connection Reset', '', ''),
(423, NULL, NULL, NULL, NULL, NULL, NULL, 596, 'capec-596', 'TCP RST Injection', 'Inject Unexpected Items', 'Traffic Injection', 'Connection Reset', '#TCP RST Injection', ''),
(424, NULL, NULL, NULL, NULL, NULL, NULL, 597, 'capec-597', 'Absolute Path Traversal', 'Manipulate Data Structures', 'Input Data Manipulation', 'Path Traversal', '#Absolute Path Traversal', ''),
(425, NULL, NULL, NULL, NULL, NULL, NULL, 598, 'capec-598', 'DNS Spoofing', 'Engage in Deceptive Interactions', 'Identity Spoofing', 'Fake the Source of Data', '#DNS Spoofing', ''),
(426, NULL, NULL, NULL, NULL, NULL, NULL, 599, 'capec-599', 'Terrestrial Jamming', 'Engage in Deceptive Interactions', 'Identity Spoofing', 'Principal Spoof', '#Terrestrial Jamming', ''),
(427, NULL, NULL, NULL, NULL, NULL, NULL, 6, 'capec-6', 'Argument Injection', 'Inject Unexpected Items', 'Parameter Injection', '#Argument Injection', '', ''),
(428, NULL, NULL, NULL, NULL, NULL, NULL, 60, 'capec-60', 'Reusing Session IDs (aka Session Replay)', 'Subvert Access Control', 'Exploitation of Trusted Identifiers', 'Session Hijacking', '#Reusing Session IDs (aka Session Replay)', ''),
(429, NULL, NULL, NULL, NULL, NULL, NULL, 600, 'capec-600', 'Credential Stuffing', 'Subvert Access Control', 'Use of Known Domain Credentials', '#Credential Stuffing', '', ''),
(430, NULL, NULL, NULL, NULL, NULL, NULL, 601, 'capec-601', 'Jamming', 'Manipulate System Resources', 'Obstruction', '#Jamming', '', ''),
(431, NULL, NULL, NULL, NULL, NULL, NULL, 603, 'capec-603', 'Blockage', 'Manipulate System Resources', 'Obstruction', '#Blockage', '', ''),
(432, NULL, NULL, NULL, NULL, NULL, NULL, 604, 'capec-604', 'Wi-Fi Jamming', 'Manipulate System Resources', 'Obstruction', 'Jamming', '#Wi-Fi Jamming', ''),
(433, NULL, NULL, NULL, NULL, NULL, NULL, 605, 'capec-605', 'Cellular Jamming', 'Manipulate System Resources', 'Obstruction', 'Jamming', '#Cellular Jamming', ''),
(434, NULL, NULL, NULL, NULL, NULL, NULL, 606, 'capec-606', 'Weakening of Cellular Encryption', 'Abuse Existing Functionality', 'Functionality Misuse', 'Drop Encryption Level', '#Weakening of Cellular Encryption', ''),
(435, NULL, NULL, NULL, NULL, NULL, NULL, 607, 'capec-607', 'Obstruction', 'Manipulate System Resources', '# Manipulate System Resources', '', '', ''),
(436, NULL, NULL, NULL, NULL, NULL, NULL, 608, 'capec-608', 'Cryptanalysis of Cellular Encryption', 'Collect and Analyze Information', 'Protocol Analysis', 'Cryptanalysis', '#Cryptanalysis of Cellular Encryption', ''),
(437, NULL, NULL, NULL, NULL, NULL, NULL, 609, 'capec-609', 'Cellular Traffic Intercept', 'Collect and Analyze Information', 'Interception', 'Sniffing Attacks', '#Cellular Traffic Intercept', ''),
(438, NULL, NULL, NULL, NULL, NULL, NULL, 61, 'capec-61', 'Session Fixation', 'Subvert Access Control', 'Exploitation of Trusted Identifiers', 'Session Hijacking', '#Session Fixation', ''),
(439, NULL, NULL, NULL, NULL, NULL, NULL, 610, 'capec-610', 'Cellular Data Injection', 'Inject Unexpected Items', 'Resource Injection', '#Cellular Data Injection', '', ''),
(440, NULL, NULL, NULL, NULL, NULL, NULL, 611, 'capec-611', 'BitSquatting', 'Engage in Deceptive Interactions', 'Resource Location Spoofing', 'Establish Rogue Location', '#BitSquatting', ''),
(441, NULL, NULL, NULL, NULL, NULL, NULL, 612, 'capec-612', 'WiFi MAC Address Tracking', 'Collect and Analyze Information', 'Footprinting', 'Host Discovery', '#WiFi MAC Address Tracking', ''),
(442, NULL, NULL, NULL, NULL, NULL, NULL, 613, 'capec-613', 'WiFi SSID Tracking', 'Collect and Analyze Information', 'Footprinting', 'Host Discovery', '#WiFi SSID Tracking', ''),
(443, NULL, NULL, NULL, NULL, NULL, NULL, 614, 'capec-614', 'Rooting SIM Cards', 'Manipulate System Resources', 'Software Integrity Attack', 'Malicious Software Update', '#Rooting SIM Cards', ''),
(444, NULL, NULL, NULL, NULL, NULL, NULL, 615, 'capec-615', 'Evil Twin Wi-Fi Attack', 'Engage in Deceptive Interactions', 'Resource Location Spoofing', 'Establish Rogue Location', '#Evil Twin Wi-Fi Attack', ''),
(445, NULL, NULL, NULL, NULL, NULL, NULL, 616, 'capec-616', 'Establish Rogue Location', 'Engage in Deceptive Interactions', 'Resource Location Spoofing', '#Establish Rogue Location', '', ''),
(446, NULL, NULL, NULL, NULL, NULL, NULL, 617, 'capec-617', 'Cellular Rogue Base Station', 'Engage in Deceptive Interactions', 'Resource Location Spoofing', 'Establish Rogue Location', '#Cellular Rogue Base Station', ''),
(447, NULL, NULL, NULL, NULL, NULL, NULL, 618, 'capec-618', 'Cellular Broadcast Message Request', 'Collect and Analyze Information', 'Footprinting', 'Host Discovery', '#Cellular Broadcast Message Request', ''),
(448, NULL, NULL, NULL, NULL, NULL, NULL, 619, 'capec-619', 'Signal Strength Tracking', 'Collect and Analyze Information', 'Footprinting', 'Host Discovery', '#Signal Strength Tracking', ''),
(449, NULL, NULL, NULL, NULL, NULL, NULL, 62, 'capec-62', 'Cross Site Request Forgery', 'Subvert Access Control', 'Exploitation of Trusted Identifiers', '#Cross Site Request Forgery', '', ''),
(450, NULL, NULL, NULL, NULL, NULL, NULL, 620, 'capec-620', 'Drop Encryption Level', 'Abuse Existing Functionality', 'Functionality Misuse', '#Drop Encryption Level', '', ''),
(451, NULL, NULL, NULL, NULL, NULL, NULL, 621, 'capec-621', 'Analysis of Packet Timing and Sizes', 'Collect and Analyze Information', 'Reverse Engineering', 'Black Box Reverse Engineering', '#Analysis of Packet Timing and Sizes', ''),
(452, NULL, NULL, NULL, NULL, NULL, NULL, 622, 'capec-622', 'Electromagnetic Side-Channel Attack', 'Collect and Analyze Information', 'Reverse Engineering', 'Black Box Reverse Engineering', '#Electromagnetic Side-Channel Attack', ''),
(453, NULL, NULL, NULL, NULL, NULL, NULL, 623, 'capec-623', 'Compromising Emanations Attack', 'Collect and Analyze Information', 'Reverse Engineering', 'Black Box Reverse Engineering', '#Compromising Emanations Attack', ''),
(454, NULL, NULL, NULL, NULL, NULL, NULL, 624, 'capec-624', 'Hardware Fault Injection', 'Inject Unexpected Items', '# Inject Unexpected Items', '', '', ''),
(455, NULL, NULL, NULL, NULL, NULL, NULL, 625, 'capec-625', 'Mobile Device Fault Injection', 'Inject Unexpected Items', 'Hardware Fault Injection', '#Mobile Device Fault Injection', '', ''),
(456, NULL, NULL, NULL, NULL, NULL, NULL, 626, 'capec-626', 'Smudge Attack', 'Subvert Access Control', 'Bypassing Physical Security', 'Bypassing Electronic Locks and Access Controls', '#Smudge Attack', ''),
(457, NULL, NULL, NULL, NULL, NULL, NULL, 627, 'capec-627', 'Counterfeit GPS Signals', 'Engage in Deceptive Interactions', 'Content Spoofing', '#Counterfeit GPS Signals', '', ''),
(458, NULL, NULL, NULL, NULL, NULL, NULL, 628, 'capec-628', 'Carry-Off GPS Attack', 'Engage in Deceptive Interactions', 'Content Spoofing', 'Counterfeit GPS Signals', '#Carry-Off GPS Attack', ''),
(459, NULL, NULL, NULL, NULL, NULL, NULL, 629, 'capec-629', 'Unauthorized Use of Device Resources', 'Subvert Access Control', 'Authentication Abuse', '#Unauthorized Use of Device Resources', '', ''),
(460, NULL, NULL, NULL, NULL, NULL, NULL, 63, 'capec-63', 'Cross-Site Scripting (XSS)', 'Inject Unexpected Items', 'Code Injection', '#Cross-Site Scripting (XSS)', '', ''),
(461, NULL, NULL, NULL, NULL, NULL, NULL, 630, 'capec-630', 'TypoSquatting', 'Engage in Deceptive Interactions', 'Resource Location Spoofing', 'Establish Rogue Location', '#TypoSquatting', ''),
(462, NULL, NULL, NULL, NULL, NULL, NULL, 631, 'capec-631', 'SoundSquatting', 'Engage in Deceptive Interactions', 'Resource Location Spoofing', 'Establish Rogue Location', '#SoundSquatting', ''),
(463, NULL, NULL, NULL, NULL, NULL, NULL, 632, 'capec-632', 'Homograph Attack via Homoglyphs', 'Engage in Deceptive Interactions', 'Resource Location Spoofing', 'Establish Rogue Location', '#Homograph Attack via Homoglyphs', ''),
(464, NULL, NULL, NULL, NULL, NULL, NULL, 633, 'capec-633', 'Token Impersonation', 'Engage in Deceptive Interactions', 'Identity Spoofing', 'Fake the Source of Data', '#Token Impersonation', ''),
(465, NULL, NULL, NULL, NULL, NULL, NULL, 634, 'capec-634', 'Probe Audio and Video Peripherals', 'Collect and Analyze Information', 'Interception', 'Eavesdropping', '#Probe Audio and Video Peripherals', ''),
(466, NULL, NULL, NULL, NULL, NULL, NULL, 635, 'capec-635', 'Alternative Execution Due to Deceptive Filenames', 'Manipulate System Resources', 'File Manipulation', '#Alternative Execution Due to Deceptive Filenames', '', ''),
(467, NULL, NULL, NULL, NULL, NULL, NULL, 636, 'capec-636', 'Hiding Malicious Data or Code within Files', 'Manipulate System Resources', 'File Manipulation', '#Hiding Malicious Data or Code within Files', '', ''),
(468, NULL, NULL, NULL, NULL, NULL, NULL, 637, 'capec-637', 'Collect Data from Clipboard', 'Collect and Analyze Information', 'Excavation', 'Collect Data from Common Resource Locations', '#Collect Data from Clipboard', ''),
(469, NULL, NULL, NULL, NULL, NULL, NULL, 638, 'capec-638', 'Altered Component Firmware', 'Manipulate System Resources', 'Malicious Logic Insertion', 'Infected Hardware', '#Altered Component Firmware', ''),
(470, NULL, NULL, NULL, NULL, NULL, NULL, 639, 'capec-639', 'Probe System Files', 'Collect and Analyze Information', 'Excavation', 'Pull Data from System Resources', '#Probe System Files', ''),
(471, NULL, NULL, NULL, NULL, NULL, NULL, 64, 'capec-64', 'Using Slashes and URL Encoding Combined to Bypass Validation Logic', 'Manipulate Data Structures', 'Input Data Manipulation', 'Leverage Alternate Encoding', '#Using Slashes and URL Encoding Combined to Bypass Validation Logic', ''),
(472, NULL, NULL, NULL, NULL, NULL, NULL, 640, 'capec-640', 'Inclusion of Code in Existing Process', 'Inject Unexpected Items', 'Code Inclusion', 'Local Code Inclusion', '#Inclusion of Code in Existing Process', ''),
(473, NULL, NULL, NULL, NULL, NULL, NULL, 641, 'capec-641', 'DLL Side-Loading', 'Engage in Deceptive Interactions', 'Resource Location Spoofing', 'Redirect Access to Libraries', '#DLL Side-Loading', ''),
(474, NULL, NULL, NULL, NULL, NULL, NULL, 642, 'capec-642', 'Replace Binaries', 'Subvert Access Control', 'Privilege Abuse', 'Using Malicious Files', '#Replace Binaries', ''),
(475, NULL, NULL, NULL, NULL, NULL, NULL, 643, 'capec-643', 'Identify Shared Files/Directories on System', 'Collect and Analyze Information', 'Footprinting', 'Network Topology Mapping', '#Identify Shared Files/Directories on System', ''),
(476, NULL, NULL, NULL, NULL, NULL, NULL, 644, 'capec-644', 'Use of Captured Hashes (Pass The Hash)', 'Subvert Access Control', 'Use of Known Domain Credentials', 'Use of Known Windows Credentials', '#Use of Captured Hashes (Pass The Hash)', ''),
(477, NULL, NULL, NULL, NULL, NULL, NULL, 645, 'capec-645', 'Use of Captured Tickets (Pass The Ticket)', 'Subvert Access Control', 'Use of Known Domain Credentials', 'Use of Known Kerberos Credentials', '#Use of Captured Tickets (Pass The Ticket)', ''),
(478, NULL, NULL, NULL, NULL, NULL, NULL, 646, 'capec-646', 'Peripheral Footprinting', 'Collect and Analyze Information', 'Footprinting', '#Peripheral Footprinting', '', ''),
(479, NULL, NULL, NULL, NULL, NULL, NULL, 647, 'capec-647', 'Collect Data from Registries', 'Collect and Analyze Information', 'Excavation', 'Collect Data from Common Resource Locations', '#Collect Data from Registries', ''),
(480, NULL, NULL, NULL, NULL, NULL, NULL, 648, 'capec-648', 'Collect Data from Screen Capture', 'Collect and Analyze Information', 'Excavation', 'Collect Data from Common Resource Locations', '#Collect Data from Screen Capture', ''),
(481, NULL, NULL, NULL, NULL, NULL, NULL, 649, 'capec-649', 'Adding a Space to a File Extension', 'Manipulate System Resources', 'File Manipulation', 'Alternative Execution Due to Deceptive Filenames', '#Adding a Space to a File Extension', ''),
(482, NULL, NULL, NULL, NULL, NULL, NULL, 65, 'capec-65', 'Sniff Application Code', 'Collect and Analyze Information', 'Interception', 'Sniffing Attacks', '#Sniff Application Code', ''),
(483, NULL, NULL, NULL, NULL, NULL, NULL, 650, 'capec-650', 'Upload a Web Shell to a Web Server', 'Subvert Access Control', 'Privilege Abuse', 'Using Malicious Files', '#Upload a Web Shell to a Web Server', ''),
(484, NULL, NULL, NULL, NULL, NULL, NULL, 651, 'capec-651', 'Eavesdropping', 'Collect and Analyze Information', 'Interception', '#Eavesdropping', '', ''),
(485, NULL, NULL, NULL, NULL, NULL, NULL, 652, 'capec-652', 'Use of Known Kerberos Credentials', 'Subvert Access Control', 'Use of Known Domain Credentials', '#Use of Known Kerberos Credentials', '', ''),
(486, NULL, NULL, NULL, NULL, NULL, NULL, 653, 'capec-653', 'Use of Known Windows Credentials', 'Subvert Access Control', 'Use of Known Domain Credentials', '#Use of Known Windows Credentials', '', ''),
(487, NULL, NULL, NULL, NULL, NULL, NULL, 654, 'capec-654', 'Credential Prompt Impersonation', 'Engage in Deceptive Interactions', 'Action Spoofing', 'Task Impersonation', '#Credential Prompt Impersonation', ''),
(488, NULL, NULL, NULL, NULL, NULL, NULL, 655, 'capec-655', 'Avoid Security Tool Identification by Adding Data', 'Manipulate System Resources', 'File Manipulation', 'Artificially Inflate File Sizes', '#Avoid Security Tool Identification by Adding Data', ''),
(489, NULL, NULL, NULL, NULL, NULL, NULL, 656, 'capec-656', 'Voice Phishing', 'Engage in Deceptive Interactions', 'Identity Spoofing', 'Phishing', '#Voice Phishing', ''),
(490, NULL, NULL, NULL, NULL, NULL, NULL, 657, 'capec-657', 'Malicious Automated Software Update via Spoofing', 'Manipulate System Resources', 'Software Integrity Attack', 'Malicious Software Update', '#Malicious Automated Software Update via Spoofing', ''),
(491, NULL, NULL, NULL, NULL, NULL, NULL, 66, 'capec-66', 'SQL Injection', 'Inject Unexpected Items', 'Command Injection', '#SQL Injection', '', ''),
(492, NULL, NULL, NULL, NULL, NULL, NULL, 660, 'capec-660', 'Root/Jailbreak Detection Evasion via Hooking', 'Inject Unexpected Items', 'Code Inclusion', 'Local Code Inclusion', '#Root/Jailbreak Detection Evasion via Hooking', ''),
(493, NULL, NULL, NULL, NULL, NULL, NULL, 661, 'capec-661', 'Root/Jailbreak Detection Evasion via Debugging', 'Abuse Existing Functionality', 'Interface Manipulation', 'Exploit Non-Production Interfaces', '#Root/Jailbreak Detection Evasion via Debugging', ''),
(494, NULL, NULL, NULL, NULL, NULL, NULL, 662, 'capec-662', 'Adversary in the Browser (AiTB)', 'Subvert Access Control', 'Adversary in the Middle (AiTM)', '#Adversary in the Browser (AiTB)', '', ''),
(495, NULL, NULL, NULL, NULL, NULL, NULL, 663, 'capec-663', 'Exploitation of Transient Instruction Execution', 'Manipulate Timing and State', 'Manipulating State', '#Exploitation of Transient Instruction Execution', '', ''),
(496, NULL, NULL, NULL, NULL, NULL, NULL, 664, 'capec-664', 'Server Side Request Forgery', 'Subvert Access Control', 'Authentication Bypass', '#Server Side Request Forgery', '', ''),
(497, NULL, NULL, NULL, NULL, NULL, NULL, 665, 'capec-665', 'Exploitation of Thunderbolt Protection Flaws', 'Abuse Existing Functionality', 'Protocol Manipulation', 'Inter-component Protocol Manipulation', '#Exploitation of Thunderbolt Protection Flaws', ''),
(498, NULL, NULL, NULL, NULL, NULL, NULL, 666, 'capec-666', 'BlueSmacking', 'Abuse Existing Functionality', 'Flooding', '#BlueSmacking', '', ''),
(499, NULL, NULL, NULL, NULL, NULL, NULL, 667, 'capec-667', 'Bluetooth Impersonation AttackS (BIAS)', 'Engage in Deceptive Interactions', 'Resource Location Spoofing', 'Establish Rogue Location', '#Bluetooth Impersonation AttackS (BIAS)', ''),
(500, NULL, NULL, NULL, NULL, NULL, NULL, 668, 'capec-668', 'Key Negotiation of Bluetooth Attack (KNOB)', 'Subvert Access Control', 'Authentication Bypass', '#Key Negotiation of Bluetooth Attack (KNOB)', '', ''),
(501, NULL, NULL, NULL, NULL, NULL, NULL, 669, 'capec-669', 'Alteration of a Software Update', 'Manipulate System Resources', 'Software Integrity Attack', '#Alteration of a Software Update', '', '');
INSERT INTO `capec` (`id`, `created_by`, `created_on`, `modified_by`, `modified_on`, `short_order`, `version`, `capec_id`, `code`, `name`, `ma_category1`, `ma_category2`, `ma_category3`, `ma_category4`, `ma_category5`) VALUES
(502, NULL, NULL, NULL, NULL, NULL, NULL, 67, 'capec-67', 'String Format Overflow in syslog()', 'Manipulate Data Structures', 'Buffer Manipulation', 'Overflow Buffers', '#String Format Overflow in syslog()', ''),
(503, NULL, NULL, NULL, NULL, NULL, NULL, 670, 'capec-670', 'Software Development Tools Maliciously Altered', 'Manipulate System Resources', 'Modification During Manufacture', 'Development Alteration', '#Software Development Tools Maliciously Altered', ''),
(504, NULL, NULL, NULL, NULL, NULL, NULL, 671, 'capec-671', 'Requirements for ASIC Functionality Maliciously Altered', 'Manipulate System Resources', 'Modification During Manufacture', 'Design Alteration', '#Requirements for ASIC Functionality Maliciously Altered', ''),
(505, NULL, NULL, NULL, NULL, NULL, NULL, 672, 'capec-672', 'Malicious Code Implanted During Chip Programming', 'Manipulate System Resources', 'Modification During Manufacture', 'Development Alteration', '#Malicious Code Implanted During Chip Programming', ''),
(506, NULL, NULL, NULL, NULL, NULL, NULL, 673, 'capec-673', 'Developer Signing Maliciously Altered Software', 'Manipulate System Resources', 'Modification During Manufacture', 'Development Alteration', '#Developer Signing Maliciously Altered Software', ''),
(507, NULL, NULL, NULL, NULL, NULL, NULL, 674, 'capec-674', 'Design for FPGA Maliciously Altered', 'Manipulate System Resources', 'Modification During Manufacture', 'Design Alteration', '#Design for FPGA Maliciously Altered', ''),
(508, NULL, NULL, NULL, NULL, NULL, NULL, 675, 'capec-675', 'Retrieve Data from Decommissioned Devices', 'Collect and Analyze Information', 'Excavation', '#Retrieve Data from Decommissioned Devices', '', ''),
(509, NULL, NULL, NULL, NULL, NULL, NULL, 676, 'capec-676', 'NoSQL Injection', 'Inject Unexpected Items', 'Command Injection', '#NoSQL Injection', '', ''),
(510, NULL, NULL, NULL, NULL, NULL, NULL, 677, 'capec-677', 'Server Functionality Compromise', 'Manipulate System Resources', 'Hardware Integrity Attack', 'Malicious Hardware Update', '#Server Functionality Compromise', ''),
(511, NULL, NULL, NULL, NULL, NULL, NULL, 678, 'capec-678', 'System Build Data Maliciously Altered', 'Manipulate System Resources', 'Modification During Manufacture', 'Development Alteration', '#System Build Data Maliciously Altered', ''),
(512, NULL, NULL, NULL, NULL, NULL, NULL, 679, 'capec-679', 'Exploitation of Improperly Configured or Implemented Memory Protections', 'Subvert Access Control', 'Privilege Abuse', 'Accessing Functionality Not Properly Constrained by ACLs', '#Exploitation of Improperly Configured or Implemented Memory Protections', ''),
(513, NULL, NULL, NULL, NULL, NULL, NULL, 68, 'capec-68', 'Subvert Code-signing Facilities', 'Subvert Access Control', 'Privilege Escalation', '#Subvert Code-signing Facilities', '', ''),
(514, NULL, NULL, NULL, NULL, NULL, NULL, 680, 'capec-680', 'Exploitation of Improperly Controlled Registers', 'Subvert Access Control', 'Privilege Abuse', 'Accessing Functionality Not Properly Constrained by ACLs', '#Exploitation of Improperly Controlled Registers', ''),
(515, NULL, NULL, NULL, NULL, NULL, NULL, 681, 'capec-681', 'Exploitation of Improperly Controlled Hardware Security Identifiers', 'Subvert Access Control', 'Privilege Abuse', 'Accessing Functionality Not Properly Constrained by ACLs', '#Exploitation of Improperly Controlled Hardware Security Identifiers', ''),
(516, NULL, NULL, NULL, NULL, NULL, NULL, 69, 'capec-69', 'Target Programs with Elevated Privileges', 'Subvert Access Control', 'Privilege Escalation', '#Target Programs with Elevated Privileges', '', ''),
(517, NULL, NULL, NULL, NULL, NULL, NULL, 7, 'capec-7', 'Blind SQL Injection', 'Inject Unexpected Items', 'Command Injection', 'SQL Injection', '#Blind SQL Injection', ''),
(518, NULL, NULL, NULL, NULL, NULL, NULL, 70, 'capec-70', 'Try Common or Default Usernames and Passwords', 'Employ Probabilistic Techniques', 'Brute Force', 'Password Brute Forcing', '#Try Common or Default Usernames and Passwords', ''),
(519, NULL, NULL, NULL, NULL, NULL, NULL, 71, 'capec-71', 'Using Unicode Encoding to Bypass Validation Logic', 'Manipulate Data Structures', 'Input Data Manipulation', 'Leverage Alternate Encoding', '#Using Unicode Encoding to Bypass Validation Logic', ''),
(520, NULL, NULL, NULL, NULL, NULL, NULL, 72, 'capec-72', 'URL Encoding', 'Manipulate Data Structures', 'Input Data Manipulation', 'Leverage Alternate Encoding', '#URL Encoding', ''),
(521, NULL, NULL, NULL, NULL, NULL, NULL, 73, 'capec-73', 'User-Controlled Filename', 'Manipulate System Resources', 'File Manipulation', '#User-Controlled Filename', '', ''),
(522, NULL, NULL, NULL, NULL, NULL, NULL, 74, 'capec-74', 'Manipulating State', 'Manipulate Timing and State', '# Manipulate Timing and State', '', '', ''),
(523, NULL, NULL, NULL, NULL, NULL, NULL, 75, 'capec-75', 'Manipulating Writeable Configuration Files', 'Manipulate System Resources', 'Configuration/Environment Manipulation', '#Manipulating Writeable Configuration Files', '', ''),
(524, NULL, NULL, NULL, NULL, NULL, NULL, 76, 'capec-76', 'Manipulating Web Input to File System Calls', 'Manipulate Data Structures', 'Input Data Manipulation', 'Path Traversal', '#Manipulating Web Input to File System Calls', ''),
(525, NULL, NULL, NULL, NULL, NULL, NULL, 77, 'capec-77', 'Manipulating User-Controlled Variables', 'Subvert Access Control', 'Exploiting Trust in Client', '#Manipulating User-Controlled Variables', '', ''),
(526, NULL, NULL, NULL, NULL, NULL, NULL, 78, 'capec-78', 'Using Escaped Slashes in Alternate Encoding', 'Manipulate Data Structures', 'Input Data Manipulation', 'Leverage Alternate Encoding', '#Using Escaped Slashes in Alternate Encoding', ''),
(527, NULL, NULL, NULL, NULL, NULL, NULL, 79, 'capec-79', 'Using Slashes in Alternate Encoding', 'Manipulate Data Structures', 'Input Data Manipulation', 'Leverage Alternate Encoding', '#Using Slashes in Alternate Encoding', ''),
(528, NULL, NULL, NULL, NULL, NULL, NULL, 8, 'capec-8', 'Buffer Overflow in an API Call', 'Manipulate Data Structures', 'Buffer Manipulation', 'Overflow Buffers', '#Buffer Overflow in an API Call', ''),
(529, NULL, NULL, NULL, NULL, NULL, NULL, 80, 'capec-80', 'Using UTF-8 Encoding to Bypass Validation Logic', 'Manipulate Data Structures', 'Input Data Manipulation', 'Leverage Alternate Encoding', 'Using Alternative IP Address Encodings', '#Using UTF-8 Encoding to Bypass Validation Logic'),
(530, NULL, NULL, NULL, NULL, NULL, NULL, 81, 'capec-81', 'Web Logs Tampering', 'Manipulate System Resources', 'Infrastructure Manipulation', 'Audit Log Manipulation', '#Web Logs Tampering', ''),
(531, NULL, NULL, NULL, NULL, NULL, NULL, 83, 'capec-83', 'XPath Injection', 'Inject Unexpected Items', 'Command Injection', 'XML Injection', '#XPath Injection', ''),
(532, NULL, NULL, NULL, NULL, NULL, NULL, 84, 'capec-84', 'XQuery Injection', 'Inject Unexpected Items', 'Command Injection', 'XML Injection', '#XQuery Injection', ''),
(533, NULL, NULL, NULL, NULL, NULL, NULL, 85, 'capec-85', 'AJAX Footprinting', 'Collect and Analyze Information', 'Footprinting', 'System Footprinting', '#AJAX Footprinting', ''),
(534, NULL, NULL, NULL, NULL, NULL, NULL, 86, 'capec-86', 'XSS Through HTTP Headers', 'Inject Unexpected Items', 'Code Injection', 'Cross-Site Scripting (XSS)', 'Reflected XSS', '#XSS Through HTTP Headers'),
(535, NULL, NULL, NULL, NULL, NULL, NULL, 87, 'capec-87', 'Forceful Browsing', 'Subvert Access Control', 'Authentication Bypass', '#Forceful Browsing', '', ''),
(536, NULL, NULL, NULL, NULL, NULL, NULL, 88, 'capec-88', 'OS Command Injection', 'Inject Unexpected Items', 'Command Injection', '#OS Command Injection', '', ''),
(537, NULL, NULL, NULL, NULL, NULL, NULL, 89, 'capec-89', 'Pharming', 'Engage in Deceptive Interactions', 'Identity Spoofing', '#Pharming', '', ''),
(538, NULL, NULL, NULL, NULL, NULL, NULL, 9, 'capec-9', 'Buffer Overflow in Local Command-Line Utilities', 'Manipulate Data Structures', 'Buffer Manipulation', 'Overflow Buffers', '#Buffer Overflow in Local Command-Line Utilities', ''),
(539, NULL, NULL, NULL, NULL, NULL, NULL, 90, 'capec-90', 'Reflection Attack in Authentication Protocol', 'Abuse Existing Functionality', 'Protocol Manipulation', '#Reflection Attack in Authentication Protocol', '', ''),
(540, NULL, NULL, NULL, NULL, NULL, NULL, 92, 'capec-92', 'Forced Integer Overflow', 'Manipulate Data Structures', 'Input Data Manipulation', 'Integer Attacks', '#Forced Integer Overflow', ''),
(541, NULL, NULL, NULL, NULL, NULL, NULL, 93, 'capec-93', 'Log Injection-Tampering-Forging', 'Manipulate System Resources', 'Infrastructure Manipulation', 'Audit Log Manipulation', '#Log Injection-Tampering-Forging', ''),
(542, NULL, NULL, NULL, NULL, NULL, NULL, 94, 'capec-94', 'Adversary in the Middle (AiTM)', 'Subvert Access Control', '# Subvert Access Control', '', '', ''),
(543, NULL, NULL, NULL, NULL, NULL, NULL, 95, 'capec-95', 'WSDL Scanning', 'Collect and Analyze Information', 'Excavation', 'Query System for Information', '#WSDL Scanning', ''),
(544, NULL, NULL, NULL, NULL, NULL, NULL, 96, 'capec-96', 'Block Access to Libraries', 'Manipulate System Resources', 'Obstruction', 'Blockage', '#Block Access to Libraries', ''),
(545, NULL, NULL, NULL, NULL, NULL, NULL, 97, 'capec-97', 'Cryptanalysis', 'Collect and Analyze Information', 'Protocol Analysis', '#Cryptanalysis', '', ''),
(546, NULL, NULL, NULL, NULL, NULL, NULL, 98, 'capec-98', 'Phishing', 'Engage in Deceptive Interactions', 'Identity Spoofing', '#Phishing', '', '');

INSERT INTO `asset_relationship` (`id`, `created_by`, `created_on`, `modified_by`, `modified_on`, `short_order`, `version`, `code`, `name`, `description`) VALUES
(1, NULL, NULL, 1, '2021-10-07 12:29:12', NULL, NULL, 'stores', 'stores', NULL),
(2, NULL, NULL, 1, '2021-10-07 12:29:22', NULL, NULL, 'uses', 'uses', NULL),
(3, NULL, NULL, 1, '2021-10-07 12:29:29', NULL, NULL, 'hosts', 'hosts', NULL),
(4, NULL, NULL, 1, '2021-10-07 12:29:46', NULL, NULL, 'uses_resources_by', 'uses resources by', NULL),
(5, NULL, NULL, 1, '2021-10-07 12:29:59', NULL, NULL, 'invokes', 'invokes', NULL),
(6, NULL, NULL, 1, '2021-10-07 12:30:17', NULL, NULL, 'exports_exposes', 'exports/exposes', NULL),
(7, 1, '2021-10-07 12:34:32', 1, '2021-10-07 12:34:32', NULL, NULL, 'connects_to', 'connects to', NULL),
(8, 1, '2021-10-07 12:34:43', 1, '2021-10-07 12:34:43', NULL, NULL, 'belongs_to', 'belongs to', NULL),
(9, 1, '2021-10-07 12:34:58', 1, '2021-10-07 12:34:58', NULL, NULL, 'controls', 'controls', NULL),
(10, 1, '2021-10-07 12:35:09', 1, '2021-10-07 12:35:09', NULL, NULL, 'interacts_with', 'interacts with', NULL),
(11, 1, '2021-10-07 12:35:20', 1, '2021-10-07 12:35:20', NULL, NULL, 'decrypts_encrypts', 'decrypts/encrypts', NULL),
(12, 1, '2021-10-07 12:35:29', 1, '2021-10-07 12:35:29', NULL, NULL, ' provides_to', ' provides to', NULL),
(13, 1, '2021-10-07 12:35:39', 1, '2021-10-07 12:35:39', NULL, NULL, 'handles', 'handles', NULL);

INSERT INTO `asset_type_group` (`id`, `created_by`, `created_on`, `modified_by`, `modified_on`, `short_order`, `version`, `code`, `name`, `description`) VALUES
(2, NULL, NULL, 1, '2021-10-07 00:34:09', NULL, NULL, 'AS-HW', 'Hardware', 'asset group 1'),
(3, NULL, NULL, 1, '2021-10-07 00:34:21', NULL, NULL, 'AS-DA', 'Data', 'asset group 2'),
(4, NULL, NULL, 1, '2021-10-07 00:34:37', NULL, NULL, 'AS-SS', 'System  Software', 'asset group 2 Clone'),
(8, 1, '2021-10-07 00:34:48', 1, '2021-10-07 00:34:48', NULL, NULL, 'AS-SO', 'Application  Software', NULL),
(9, 1, '2021-10-07 00:34:56', 1, '2021-10-07 00:34:56', NULL, NULL, 'AS-US', 'Users', NULL),
(10, 1, '2021-10-07 00:35:13', 1, '2021-10-07 00:35:13', NULL, NULL, 'AS-NE', 'Communication  Network', NULL);

INSERT INTO `asset_type` (`id`, `created_by`, `created_on`, `modified_by`, `modified_on`, `short_order`, `version`, `name`, `code`, `asset_type_group_id`) VALUES
(461, 1, '2021-10-07 09:24:34', 1, '2021-10-07 09:24:34', NULL, NULL, 'Power supply', 'AS-HW-02', 2),
(462, 1, '2021-10-07 09:24:34', 1, '2021-10-07 09:24:34', NULL, NULL, 'Computational Device', 'AS-HW-03', 2),
(463, 1, '2021-10-07 09:24:34', 1, '2021-10-07 09:24:34', NULL, NULL, 'HW Interface', 'AS-HW-04', 2),
(464, 1, '2021-10-07 09:24:34', 1, '2021-10-07 09:24:34', NULL, NULL, 'I/O Devices', 'AS-HW-05', 2),
(465, 1, '2021-10-07 09:24:34', 1, '2021-10-07 09:24:34', NULL, NULL, 'Storage', 'AS-HW-06', 2),
(466, 1, '2021-10-07 09:24:34', 1, '2021-10-07 09:24:34', NULL, NULL, 'Backup Data', 'AS-DA-01', 3),
(467, 1, '2021-10-07 09:24:34', 1, '2021-10-07 09:24:34', NULL, NULL, 'Configuration Data', 'AS-DA-02', 3),
(468, 1, '2021-10-07 09:24:34', 1, '2021-10-07 09:24:34', NULL, NULL, 'Operation Data / Application Data', 'AS-DA-03', 3),
(469, 1, '2021-10-07 09:24:34', 1, '2021-10-07 09:24:34', NULL, NULL, 'System Data ', 'AS-DA-04', 3),
(470, 1, '2021-10-07 09:24:34', 1, '2021-10-07 09:24:34', NULL, NULL, 'Test Data', 'AS-DA-05', 3),
(471, 1, '2021-10-07 09:24:34', 1, '2021-10-07 09:24:34', NULL, NULL, 'Audit Data', 'AS-DA-06', 3),
(472, 1, '2021-10-07 09:24:34', 1, '2021-10-07 09:24:34', NULL, NULL, 'Embedded Systems Firmware', 'AS-OS-01', 4),
(473, 1, '2021-10-07 09:24:34', 1, '2021-10-07 09:24:34', NULL, NULL, 'Native API', 'AS-OS-02', 4),
(474, 1, '2021-10-07 09:24:34', 1, '2021-10-07 09:24:34', NULL, NULL, 'Hypervisor', 'AS-OS-03', 4),
(475, 1, '2021-10-07 09:24:34', 1, '2021-10-07 09:24:34', NULL, NULL, 'Operating System', 'AS-OS-04', 4),
(476, 1, '2021-10-07 09:24:34', 1, '2021-10-07 09:24:34', NULL, NULL, 'Containers / VMs', 'AS-OS-05', 4),
(477, 1, '2021-10-07 09:24:34', 1, '2021-10-07 09:24:34', NULL, NULL, 'Web-Based Services', 'AS-SO-01', 8),
(478, 1, '2021-10-07 09:24:34', 1, '2021-10-07 09:24:34', NULL, NULL, 'Application Software', 'AS-SO-02', 8),
(479, 1, '2021-10-07 09:24:34', 1, '2021-10-07 09:24:34', NULL, NULL, 'Database Management Systems', 'AS-SO-03', 8),
(480, 1, '2021-10-07 09:24:34', 1, '2021-10-07 09:24:34', NULL, NULL, 'System Users (Administrators, operators, security experts)', 'AS-US-01', 9),
(481, 1, '2021-10-07 09:24:34', 1, '2021-10-07 09:24:34', NULL, NULL, 'End Users (CPaaS users - travelers)', 'AS-US-02', 9),
(482, 1, '2021-10-07 09:24:34', 1, '2021-10-07 09:24:34', NULL, NULL, 'Contractors/Sub-contractors (3rd parties)', 'AS-US-03', 9),
(483, 1, '2021-10-07 09:24:34', 1, '2021-10-07 09:24:34', NULL, NULL, 'Communication Protocol', 'AS-NE-01', 10),
(484, 1, '2021-10-07 09:24:34', 1, '2021-10-07 09:24:34', NULL, NULL, 'Network Interfaces', 'AS-NE-02', 10),
(485, 1, '2021-10-07 09:24:34', 1, '2021-10-07 09:24:34', NULL, NULL, 'Network Controller (HW)', 'AS-NE-03', 10),
(486, 20, '2021-10-26 07:26:18', 20, '2021-10-26 07:26:41', NULL, NULL, 'Software Exploitation /  Malicious Code  Injection', 'AS-NE-04', 10),
(487, 20, '2021-10-26 07:27:48', 20, '2021-10-26 07:28:03', NULL, NULL, 'Sensors/Actuators Hardware', 'AS-HW-01', 2);

INSERT INTO `cis_control` (`id`, `created_by`, `created_on`, `modified_by`, `modified_on`, `short_order`, `version`, `code`, `title`, `description`, `security_function`, `cis_control_category_id`, `asset_type_group_id`, `cis_asset_type`) VALUES
(1, NULL, '2022-01-31 15:46:52', NULL, '2022-01-31 15:46:52', NULL, NULL, '1.1', 'Establish and Maintain Detailed Enterprise Asset Inventory', 'Establish and maintain an accurate, detailed, and up-to-date inventory of all enterprise assets with the potential to store or process data, to include: end-user devices (including portable and mobile), network devices, non-computing/IoT devices, and servers. Ensure the inventory records the network address (if static), hardware address, machine name, enterprise asset owner, department for each asset, and whether the asset has been approved to connect to the network. For mobile end-user devices,MDM type tools can support this process, where appropriate. This inventory includes assetsconnected to the infrastructure physically, virtually, remotely, and those within cloud environments. Additionally, it includes assets that are regularly connected to the enterprises network infrastructure, even if they arenot under control of the enterprise. Review and update the inventory of all enterprise assets bi-annually, or more frequently.', 'Identify', 1, 2, 'Devices'),
(2, NULL, '2022-01-31 15:46:52', NULL, '2022-01-31 15:46:52', NULL, NULL, '1.2', 'Address Unauthorized Assets', 'Ensure that a process exists to address unauthorized assets on a weekly basis. The enterprise may choose to remove the asset from the network, deny the asset from connecting remotely to the network, or quarantine the asset.', 'Respond', 1, 2, 'Devices'),
(3, NULL, '2022-01-31 15:46:52', NULL, '2022-01-31 15:46:52', NULL, NULL, '1.3', 'Utilize an Active Discovery Tool', 'Utilize an active discovery tool to identify assets connected to the enterprises network. Configure the active discovery tool to execute daily, or more frequently.', 'Detect', 1, 2, 'Devices'),
(4, NULL, '2022-01-31 15:46:52', NULL, '2022-01-31 15:46:52', NULL, NULL, '1.4', 'Use Dynamic Host Configuration Protocol (DHCP) Logging to Update Enterprise Asset Inventory', 'Use DHCP logging on all DHCP servers or Internet Protocol (IP) address management tools to update the enterprises asset inventory. Review and use logs to update the enterprises asset inventory weekly, or more frequently.', 'Identify', 1, 2, 'Devices'),
(5, NULL, '2022-01-31 15:46:52', NULL, '2022-01-31 15:46:52', NULL, NULL, '1.5', 'Use a Passive Asset Discovery Tool', 'Use a passive discovery tool to identify assets connected to the enterprises network. Review and use scans to update the enterprises asset inventory at least weekly, or more frequently.', 'Detect', 1, 2, 'Devices'),
(6, NULL, '2022-01-31 15:46:52', NULL, '2022-01-31 15:46:52', NULL, NULL, '2.1', 'Establish and Maintain a Software Inventory', 'Establish and maintain a detailed inventory of all licensed software installed on enterprise assets. The software inventory must document the title, publisher, initial install/use date, and business purpose for each entry; where appropriate, include the Uniform Resource Locator (URL), app store(s), version(s), deployment mechanism, and decommission date. Review and update the software inventory bi-annually, or more frequently.', 'Identify', 2, 8, 'Applications'),
(7, NULL, '2022-01-31 15:46:52', NULL, '2022-01-31 15:46:52', NULL, NULL, '2.2', 'Ensure Authorized Software is Currently Supported ', 'Ensure that only currently supported software is designated as authorized in the software inventory for enterprise assets. If software is unsupported, yet necessary for the fulfillment of the enterprises mission, document an exception detailing mitigating controls and residual risk acceptance. For any unsupported software without an exception documentation, designate as unauthorized. Review the software list to verify software support at least monthly, or more frequently.', 'Identify', 2, 8, 'Applications'),
(8, NULL, '2022-01-31 15:46:52', NULL, '2022-01-31 15:46:52', NULL, NULL, '2.3', 'Address Unauthorized Software', 'Ensure that unauthorized software is either removed from use on enterprise assets or receives a documented exception. Review monthly, or more frequently.', 'Respond', 2, 8, 'Applications'),
(9, NULL, '2022-01-31 15:46:52', NULL, '2022-01-31 15:46:52', NULL, NULL, '2.4', 'Utilize Automated Software Inventory Tools', 'Utilize software inventory tools, when possible, throughout the enterprise to automate the discovery and documentation of installed software. ', 'Detect', 2, 8, 'Applications'),
(10, NULL, '2022-01-31 15:46:52', NULL, '2022-01-31 15:46:52', NULL, NULL, '2.5', 'Allowlist Authorized Software', 'Use technical controls, such as application allowlisting, to ensure that only authorized software can execute or be accessed. Reassessbi-annually, or more frequently.', 'Protect', 2, 8, 'Applications'),
(11, NULL, '2022-01-31 15:46:52', NULL, '2022-01-31 15:46:52', NULL, NULL, '2.6', 'Allowlist Authorized Libraries', ' Use technical controls to ensure that only authorized software libraries, such as specific .dll, .ocx, .so, etc., files, are allowed to load into a system process. Block unauthorized libraries from loading into a system process. Reassess bi-annually, or more frequently.', 'Protect', 2, 8, 'Applications'),
(12, NULL, '2022-01-31 15:46:52', NULL, '2022-01-31 15:46:52', NULL, NULL, '2.7', 'Allowlist Authorized Scripts', 'Use technical controls, such as digital signatures and version control, to ensure that only authorized scripts, such as specific .ps1, .py, etc., files, are allowed to execute. Block unauthorized scripts from executing. Reassessbi-annually, or more frequently.', 'Protect', 2, 8, 'Applications'),
(13, NULL, '2022-01-31 15:46:52', NULL, '2022-01-31 15:46:52', NULL, NULL, '3.1', 'Establish and Maintain a Data Management Process', 'Establish and maintain a data management process. In the process, address data sensitivity, data owner, handling of data, data retention limits, and disposal requirements, based on sensitivity and retention standards for the enterprise. Review and update documentation annually, or when significant enterprise changes occur that could impact this Safeguard.', 'Identify', 3, 3, 'Data'),
(14, NULL, '2022-01-31 15:46:52', NULL, '2022-01-31 15:46:52', NULL, NULL, '3.2', 'Establish and Maintain a Data Inventory', 'Establish and maintain a data inventory, based on the enterprises data management process. Inventory sensitive data, at a minimum. Review and update inventory annually, at a minimum, with a priority on sensitive data.', 'Identify', 3, 3, 'Data'),
(15, NULL, '2022-01-31 15:46:52', NULL, '2022-01-31 15:46:52', NULL, NULL, '3.3', 'Configure Data Access Control Lists', 'Configure data access control lists based on a users need to know. Apply data access control lists, also known as access permissions, to local and remote file systems, databases, and applications.', 'Protect', 3, 3, 'Data'),
(16, NULL, '2022-01-31 15:46:52', NULL, '2022-01-31 15:46:52', NULL, NULL, '3.4', 'Enforce Data Retention', 'Retain data according to the enterprises data management process. Data retention must include both minimum and maximum timelines.', 'Protect', 3, 3, 'Data'),
(17, NULL, '2022-01-31 15:46:52', NULL, '2022-01-31 15:46:52', NULL, NULL, '3.5', 'Securely Dispose of Data', 'Securely dispose of data as outlined in the enterprises data management process. Ensure the disposal process and method are commensurate with the data sensitivity.', 'Protect', 3, 3, 'Data'),
(18, NULL, '2022-01-31 15:46:52', NULL, '2022-01-31 15:46:52', NULL, NULL, '3.6', 'Encrypt Data on End-User Devices', 'Encrypt data on end-user devices containing sensitive data. Example implementations can include: Windows BitLocker, Apple FileVault, Linux dm-crypt.', 'Protect', 3, 2, 'Devices'),
(19, NULL, '2022-01-31 15:46:52', NULL, '2022-01-31 15:46:52', NULL, NULL, '3.7', 'Establish and Maintain a Data Classification Scheme', 'Establish and maintain an overall data classification scheme for the enterprise. Enterprises may use labels, such as Sensitive, Confidential, and Public, and classify their data according to those labels. Review and update the classification scheme annually, or when significant enterprise changes occur that could impact this Safeguard.', 'Identify', 3, 3, 'Data'),
(20, NULL, '2022-01-31 15:46:52', NULL, '2022-01-31 15:46:52', NULL, NULL, '3.8', 'Document Data Flows', 'Document data flows. Data flow documentation includes service provider data flows and should be based on the enterprises data management process. Review and update documentation annually, or when significant enterprise changes occur that could impact this Safeguard.', 'Identify', 3, 3, 'Data'),
(21, NULL, '2022-01-31 15:46:52', NULL, '2022-01-31 15:46:52', NULL, NULL, '3.9', 'Encrypt Data on Removable Media', 'Encrypt data on removable media.', 'Protect', 3, 3, 'Data'),
(22, NULL, '2022-01-31 15:46:52', NULL, '2022-01-31 15:46:52', NULL, NULL, '3.1', 'Encrypt Sensitive Data in Transit', 'Encrypt sensitive data in transit. Example implementations can include: Transport Layer Security (TLS) and Open Secure Shell (OpenSSH).', 'Protect', 3, 3, 'Data'),
(23, NULL, '2022-01-31 15:46:52', NULL, '2022-01-31 15:46:52', NULL, NULL, '3.11', 'Encrypt Sensitive Data at Rest', 'Encrypt sensitive data at rest on servers, applications, and databases containing sensitive data. Storage-layer encryption, also known as server-side encryption, meets the minimum requirement of this Safeguard. Additional encryption methods may include application-layer encryption, also known as client-side encryption, where access to the data storage device(s) does not permit access to the plain-text data. ', 'Protect', 3, 3, 'Data'),
(24, NULL, '2022-01-31 15:46:52', NULL, '2022-01-31 15:46:52', NULL, NULL, '3.12', 'Segment Data Processing and Storage Based on Sensitivity', 'Segment data processing and storage based on the sensitivity of the data. Do not process sensitive data on enterprise assets intended for lower sensitivity data.', 'Protect', 3, 10, 'Network'),
(25, NULL, '2022-01-31 15:46:52', NULL, '2022-01-31 15:46:52', NULL, NULL, '3.13', 'Deploy a Data Loss Prevention Solution', 'Implement an automated tool, such as a host-based Data Loss Prevention (DLP) tool to identify all sensitive data stored, processed, or transmitted through enterprise assets, including those located onsite or at a remote service provider, and update the enterprise`s sensitive data inventory.', 'Protect', 3, 3, 'Data'),
(26, NULL, '2022-01-31 15:46:52', NULL, '2022-01-31 15:46:52', NULL, NULL, '3.14', 'Log Sensitive Data Access', 'Log sensitive data access, including modification and disposal. ', 'Detect', 3, 3, 'Data'),
(27, NULL, '2022-01-31 15:46:52', NULL, '2022-01-31 15:46:52', NULL, NULL, '4.1', 'Establish and Maintain a Secure Configuration Process', 'Establish and maintain a secure configuration process for enterprise assets (end-user devices, including portable and mobile, non-computing/IoT devices, and servers) and software (operating systems and applications). Review and update documentation annually, or when significant enterprise changes occur that could impact this Safeguard.', 'Protect', 4, 8, 'Applications'),
(28, NULL, '2022-01-31 15:46:52', NULL, '2022-01-31 15:46:52', NULL, NULL, '4.2', 'Establish and Maintain a Secure Configuration Process for Network Infrastructure', 'Establish and maintain a secure configuration process for network devices. Review and update documentation annually, or when significant enterprise changes occur that could impact this Safeguard.', 'Protect', 4, 10, 'Network'),
(29, NULL, '2022-01-31 15:46:52', NULL, '2022-01-31 15:46:52', NULL, NULL, '4.3', 'Configure Automatic Session Locking on Enterprise Assets', 'Configure automatic session locking on enterprise assets after a defined period of inactivity. For general purpose operating systems, the period must not exceed 15 minutes. For mobile end-user devices, the period must not exceed 2 minutes.', 'Protect', 4, 9, 'Users'),
(30, NULL, '2022-01-31 15:46:52', NULL, '2022-01-31 15:46:52', NULL, NULL, '4.4', 'Implement and Manage a Firewall on Servers', 'Implement and manage a firewall on servers, where supported. Example implementations include a virtual firewall, operating system firewall, or a third-party firewall agent.', 'Protect', 4, 2, 'Devices'),
(31, NULL, '2022-01-31 15:46:52', NULL, '2022-01-31 15:46:52', NULL, NULL, '4.5', 'Implement and Manage a Firewall on End-User Devices', 'Implement and manage a host-based firewall or port-filtering tool on end-user devices, with a default-deny rule that drops all traffic except those services and ports that are explicitly allowed.', 'Protect', 4, 2, 'Devices'),
(32, NULL, '2022-01-31 15:46:52', NULL, '2022-01-31 15:46:52', NULL, NULL, '4.6', 'Securely Manage Enterprise Assets and Software', 'Securely manage enterprise assets and software. Example implementations include managing configuration through version-controlled-infrastructure-as-code and accessing administrative interfaces over secure network protocols, such as Secure Shell (SSH) and Hypertext Transfer Protocol Secure (HTTPS). Do not use insecure management protocols, such as Telnet (Teletype Network) and HTTP, unless operationally essential.', 'Protect', 4, 10, 'Network'),
(33, NULL, '2022-01-31 15:46:52', NULL, '2022-01-31 15:46:52', NULL, NULL, '4.7', 'Manage Default Accounts on Enterprise Assets and Software', 'Manage default accounts on enterprise assets and software, such as root, administrator, and other pre-configured vendor accounts. Example implementations can include: disabling default accounts or making them unusable.', 'Protect', 4, 9, 'Users'),
(34, NULL, '2022-01-31 15:46:52', NULL, '2022-01-31 15:46:52', NULL, NULL, '4.8', 'Uninstall or Disable Unnecessary Services on Enterprise Assets and Software', 'Uninstall or disable unnecessary services on enterprise assets and software, such as an unused file sharing service, web application module, or service function.', 'Protect', 4, 2, 'Devices'),
(35, NULL, '2022-01-31 15:46:52', NULL, '2022-01-31 15:46:52', NULL, NULL, '4.9', 'Configure Trusted DNS Servers on Enterprise Assets', 'Configure trusted DNS servers on enterprise assets. Example implementations include: configuring assets to use enterprise-controlled DNS servers and/or reputable externally accessible DNS servers. ', 'Protect', 4, 2, 'Devices'),
(36, NULL, '2022-01-31 15:46:52', NULL, '2022-01-31 15:46:52', NULL, NULL, '4.1', 'Enforce Automatic Device Lockout on Portable End-User Devices', 'Enforce automatic device lockout following a predetermined threshold of local failed authentication attempts on portable end-user devices, where supported. For laptops, do not allow more than 20 failed authentication attempts; for tablets and smartphones, no more than 10 failed authentication attempts. Example implementations include Microsoft InTune Device Lock and Apple Configuration Profile maxFailedAttempts.', 'Respond', 4, 2, 'Devices'),
(37, NULL, '2022-01-31 15:46:52', NULL, '2022-01-31 15:46:52', NULL, NULL, '4.11', 'Enforce Remote Wipe Capability on Portable End-User Devices', 'Remotely wipe enterprise data from enterprise-owned portable end-user devices when deemed appropriate such as lost or stolen devices, or when an individual no longer supports the enterprise.', 'Protect', 4, 2, 'Devices'),
(38, NULL, '2022-01-31 15:46:52', NULL, '2022-01-31 15:46:52', NULL, NULL, '4.12', 'Separate Enterprise Workspaces on Mobile End-User Devices', 'Ensure separate enterprise workspaces are used on mobile end-user devices, where supported. Example implementations include using an Apple Configuration Profile or Android Work Profile to separate enterprise applications and data from personal applications and data.', 'Protect', 4, 2, 'Devices'),
(39, NULL, '2022-01-31 15:46:52', NULL, '2022-01-31 15:46:52', NULL, NULL, '5.1', 'Establish and Maintain an Inventory of Accounts', 'Establish and maintain an inventory of all accounts managed in the enterprise. The inventory must include both user and administrator accounts. The inventory, at a minimum, should contain the persons name, username, start/stop dates, and department. Validate that all active accounts are authorized, on a recurring schedule at a minimum quarterly, or more frequently.', 'Identify', 5, 9, 'Users'),
(40, NULL, '2022-01-31 15:46:52', NULL, '2022-01-31 15:46:52', NULL, NULL, '5.2', 'Use Unique Passwords', 'Use unique passwords for all enterprise assets. Best practice implementation includes, at a minimum, an 8-character password for accounts using MFA and a 14-character password for accounts not using MFA. ', 'Protect', 5, 9, 'Users'),
(41, NULL, '2022-01-31 15:46:52', NULL, '2022-01-31 15:46:52', NULL, NULL, '5.3', 'Disable Dormant Accounts', 'Delete or disable any dormant accounts after a period of 45 days of inactivity, where supported.', 'Respond', 5, 9, 'Users'),
(42, NULL, '2022-01-31 15:46:52', NULL, '2022-01-31 15:46:52', NULL, NULL, '5.4', 'Restrict Administrator Privileges to Dedicated Administrator Accounts', 'Restrict administrator privileges to dedicated administrator accounts on enterprise assets. Conduct general computing activities, such as internet browsing, email, and productivity suite use, from the users primary, non-privileged account.', 'Protect', 5, 9, 'Users'),
(43, NULL, '2022-01-31 15:46:52', NULL, '2022-01-31 15:46:52', NULL, NULL, '5.5', 'Establish and Maintain an Inventory of Service Accounts', 'Establish and maintain an inventory of service accounts. The inventory, at a minimum, must contain department owner, review date, and purpose. Perform service account reviews to validate that all active accounts are authorized, on a recurring schedule at a minimum quarterly, or more frequently.', 'Identify', 5, 9, 'Users'),
(44, NULL, '2022-01-31 15:46:52', NULL, '2022-01-31 15:46:52', NULL, NULL, '5.6', 'Centralize Account Management', 'Centralize account management through a directory or identity service.', 'Protect', 5, 9, 'Users'),
(45, NULL, '2022-01-31 15:46:52', NULL, '2022-01-31 15:46:52', NULL, NULL, '6.1', 'Establish an Access Granting Process', 'Establish and follow a process, preferably automated, for granting access to enterprise assets upon new hire, rights grant, or role change of a user.', 'Protect', 6, 9, 'Users'),
(46, NULL, '2022-01-31 15:46:52', NULL, '2022-01-31 15:46:52', NULL, NULL, '6.2', 'Establish an Access Revoking Process', 'Establish and follow a process, preferably automated, for revoking access to enterprise assets, through disabling accounts immediately upon termination, rights revocation, or role change of a user. Disabling accounts, instead of deleting accounts, may be necessary to preserve audit trails.', 'Protect', 6, 9, 'Users'),
(47, NULL, '2022-01-31 15:46:52', NULL, '2022-01-31 15:46:52', NULL, NULL, '6.3', 'Require MFA for Externally-Exposed Applications', 'Require all externally-exposed enterprise or third-party applications to enforce MFA, where supported. Enforcing MFA through a directory service or SSO provider is a satisfactory implementation of this Safeguard.', 'Protect', 6, 9, 'Users'),
(48, NULL, '2022-01-31 15:46:52', NULL, '2022-01-31 15:46:52', NULL, NULL, '6.4', 'Require MFA for Remote Network Access', 'Require MFA for remote network access.', 'Protect', 6, 9, 'Users'),
(49, NULL, '2022-01-31 15:46:52', NULL, '2022-01-31 15:46:52', NULL, NULL, '6.5', 'Require MFA for Administrative Access', 'Require MFA for all administrative access accounts, where supported, on all enterprise assets, whether managed on-site or through a third-party provider.', 'Protect', 6, 9, 'Users'),
(50, NULL, '2022-01-31 15:46:52', NULL, '2022-01-31 15:46:52', NULL, NULL, '6.6', 'Establish and Maintain an Inventory of Authentication and Authorization Systems', 'Establish and maintain an inventory of the enterprises authentication and authorization systems, including those hosted on-site or at a remote service provider. Review and update the inventory, at a minimum, annually, or more frequently.', 'Identify', 6, 9, 'Users'),
(51, NULL, '2022-01-31 15:46:52', NULL, '2022-01-31 15:46:52', NULL, NULL, '6.7', 'Centralize Access Control', 'Centralize access control for all enterprise assets through a directory service or SSO provider, where supported.', 'Protect', 6, 9, 'Users'),
(52, NULL, '2022-01-31 15:46:52', NULL, '2022-01-31 15:46:52', NULL, NULL, '6.8', 'Define and Maintain Role-Based Access Control', 'Define and maintain role-based access control, through determining and documenting the access rights necessary for each role within the enterprise to successfully carry out its assigned duties. Perform access control reviews of enterprise assets to validate that all privileges are authorized, on a recurring schedule at a minimum annually, or more frequently.', 'Protect', 6, 3, 'Data'),
(53, NULL, '2022-01-31 15:46:52', NULL, '2022-01-31 15:46:52', NULL, NULL, '7.1', 'Establish and Maintain a Vulnerability Management Process', 'Establish and maintain a documented vulnerability management process for enterprise assets. Review and update documentation annually, or when significant enterprise changes occur that could impact this Safeguard.', 'Protect', 7, 8, 'Applications'),
(54, NULL, '2022-01-31 15:46:52', NULL, '2022-01-31 15:46:52', NULL, NULL, '7.2', 'Establish and Maintain a Remediation Process', 'Establish and maintain a risk-based remediation strategy documented in a remediation process, with monthly, or more frequent, reviews.', 'Respond', 7, 8, 'Applications'),
(55, NULL, '2022-01-31 15:46:52', NULL, '2022-01-31 15:46:52', NULL, NULL, '7.3', 'Perform Automated Operating System Patch Management', 'Perform operating system updates on enterprise assets through automated patch management on a monthly, or more frequent, basis.', 'Protect', 7, 8, 'Applications'),
(56, NULL, '2022-01-31 15:46:52', NULL, '2022-01-31 15:46:52', NULL, NULL, '7.4', 'Perform Automated Application Patch Management', 'Perform application updates on enterprise assets through automated patch management on a monthly, or more frequent, basis.', 'Protect', 7, 8, 'Applications'),
(57, NULL, '2022-01-31 15:46:52', NULL, '2022-01-31 15:46:52', NULL, NULL, '7.5', 'Perform Automated Vulnerability Scans of Internal Enterprise Assets', 'Perform automated vulnerability scans of internal enterprise assets on a quarterly, or more frequent, basis. Conduct both authenticated and unauthenticated scans, using a SCAP-compliant vulnerability scanning tool.', 'Identify', 7, 8, 'Applications'),
(58, NULL, '2022-01-31 15:46:52', NULL, '2022-01-31 15:46:52', NULL, NULL, '7.6', 'Perform Automated Vulnerability Scans of Externally-Exposed Enterprise Assets', 'Perform automated vulnerability scans of externally-exposed enterprise assets using a SCAP-compliant vulnerability scanning tool. Perform scans on a monthly, or more frequent, basis. ', 'Identify', 7, 8, 'Applications'),
(59, NULL, '2022-01-31 15:46:52', NULL, '2022-01-31 15:46:52', NULL, NULL, '7.7', 'Remediate Detected Vulnerabilities', 'Remediate detected vulnerabilities in software through processes and tooling on a monthly, or more frequent, basis, based on the remediation process.', 'Respond', 7, 8, 'Applications'),
(60, NULL, '2022-01-31 15:46:52', NULL, '2022-01-31 15:46:52', NULL, NULL, '8.1', 'Establish and Maintain an Audit Log Management Process', 'Establish and maintain an audit log management process that defines the enterprises logging requirements. At a minimum, address the collection, review, and retention of audit logs for enterprise assets. Review and update documentation annually, or when significant enterprise changes occur that could impact this Safeguard.', 'Protect', 8, 10, 'Network'),
(61, NULL, '2022-01-31 15:46:52', NULL, '2022-01-31 15:46:52', NULL, NULL, '8.2', 'Collect Audit Logs', 'Collect audit logs. Ensure that logging, per the enterprises audit log management process, has been enabled across enterprise assets.', 'Detect', 8, 10, 'Network'),
(62, NULL, '2022-01-31 15:46:52', NULL, '2022-01-31 15:46:52', NULL, NULL, '8.3', 'Ensure Adequate Audit Log Storage', 'Ensure that logging destinations maintain adequate storage to comply with the enterprises audit log management process.', 'Protect', 8, 10, 'Network'),
(63, NULL, '2022-01-31 15:46:52', NULL, '2022-01-31 15:46:52', NULL, NULL, '8.4', 'Standardize Time Synchronization', 'Standardize time synchronization. Configure at least two synchronized time sources across enterprise assets, where supported.', 'Protect', 8, 10, 'Network'),
(64, NULL, '2022-01-31 15:46:52', NULL, '2022-01-31 15:46:52', NULL, NULL, '8.5', 'Collect Detailed Audit Logs', 'Configure detailed audit logging for enterprise assets containing sensitive data. Include event source, date, username, timestamp, source addresses, destination addresses, and other useful elements that could assist in a forensic investigation.', 'Detect', 8, 10, 'Network'),
(65, NULL, '2022-01-31 15:46:52', NULL, '2022-01-31 15:46:52', NULL, NULL, '8.6', 'Collect DNS Query Audit Logs', 'Collect DNS query audit logs on enterprise assets, where appropriate and supported.', 'Detect', 8, 10, 'Network'),
(66, NULL, '2022-01-31 15:46:52', NULL, '2022-01-31 15:46:52', NULL, NULL, '8.7', 'Collect URL Request Audit Logs', 'Collect URL request audit logs on enterprise assets, where appropriate and supported.', 'Detect', 8, 10, 'Network'),
(67, NULL, '2022-01-31 15:46:52', NULL, '2022-01-31 15:46:52', NULL, NULL, '8.8', 'Collect Command-Line Audit Logs', 'Collect command-line audit logs. Example implementations include collecting audit logs from PowerShell, BASH, and remote administrative terminals.', 'Detect', 8, 2, 'Devices'),
(68, NULL, '2022-01-31 15:46:52', NULL, '2022-01-31 15:46:52', NULL, NULL, '8.9', 'Centralize Audit Logs', 'Centralize, to the extent possible, audit log collection and retention across enterprise assets.', 'Detect', 8, 10, 'Network'),
(69, NULL, '2022-01-31 15:46:52', NULL, '2022-01-31 15:46:52', NULL, NULL, '8.1', 'Retain Audit Logs', 'Retain audit logs across enterprise assets for a minimum of 90 days.', 'Protect', 8, 10, 'Network'),
(70, NULL, '2022-01-31 15:46:52', NULL, '2022-01-31 15:46:52', NULL, NULL, '8.11', 'Conduct Audit Log Reviews', 'Conduct reviews of audit logs to detect anomalies or abnormal events that could indicate a potential threat. Conduct reviews on a weekly, or more frequent, basis.', 'Detect', 8, 10, 'Network'),
(71, NULL, '2022-01-31 15:46:52', NULL, '2022-01-31 15:46:52', NULL, NULL, '8.12', 'Collect Service Provider Logs', 'Collect service provider logs, where supported. Example implementations include collecting authentication and authorization events, data creation and disposal events, and user management events.', 'Detect', 8, 3, 'Data'),
(72, NULL, '2022-01-31 15:46:52', NULL, '2022-01-31 15:46:52', NULL, NULL, '9.1', 'Ensure Use of Only Fully Supported Browsers and Email Clients', 'Ensure only fully supported browsers and email clients are allowed to execute in the enterprise, only using the latest version of browsers and email clients provided through the vendor.', 'Protect', 9, 8, 'Applications'),
(73, NULL, '2022-01-31 15:46:52', NULL, '2022-01-31 15:46:52', NULL, NULL, '9.2', 'Use DNS Filtering Services', 'Use DNS filtering services on all enterprise assets to block access to known malicious domains.', 'Protect', 9, 10, 'Network'),
(74, NULL, '2022-01-31 15:46:52', NULL, '2022-01-31 15:46:52', NULL, NULL, '9.3', 'Maintain and Enforce Network-Based URL Filters', 'Enforce and update network-based URL filters to limit an enterprise asset from connecting to potentially malicious or unapproved websites. Example implementations include category-based filtering, reputation-based filtering, or through the use of block lists. Enforce filters for all enterprise assets.', 'Protect', 9, 10, 'Network'),
(75, NULL, '2022-01-31 15:46:52', NULL, '2022-01-31 15:46:52', NULL, NULL, '9.4', 'Restrict Unnecessary or Unauthorized Browser and Email Client Extensions', 'Restrict, either through uninstalling or disabling, any unauthorized or unnecessary browser or email client plugins, extensions, and add-on applications.', 'Protect', 9, 8, 'Applications'),
(76, NULL, '2022-01-31 15:46:52', NULL, '2022-01-31 15:46:52', NULL, NULL, '9.5', 'Implement DMARC', 'To lower the chance of spoofed or modified emails from valid domains, implement DMARC policy and verification, starting with implementing the Sender Policy Framework (SPF) and the DomainKeys Identified Mail (DKIM) standards.', 'Protect', 9, 10, 'Network'),
(77, NULL, '2022-01-31 15:46:52', NULL, '2022-01-31 15:46:52', NULL, NULL, '9.6', 'Block Unnecessary File Types', 'Block unnecessary file types attempting to enter the enterprises email gateway.', 'Protect', 9, 10, 'Network'),
(78, NULL, '2022-01-31 15:46:52', NULL, '2022-01-31 15:46:52', NULL, NULL, '9.7', 'Deploy and Maintain Email Server Anti-Malware Protections', 'Deploy and maintain email server anti-malware protections, such as attachment scanning and/or sandboxing.', 'Protect', 9, 10, 'Network'),
(79, NULL, '2022-01-31 15:46:52', NULL, '2022-01-31 15:46:52', NULL, NULL, '10.1', 'Deploy and Maintain Anti-Malware Software', 'Deploy and maintain anti-malware software on all enterprise assets.', 'Protect', 10, 2, 'Devices'),
(80, NULL, '2022-01-31 15:46:52', NULL, '2022-01-31 15:46:52', NULL, NULL, '10.2', 'Configure Automatic Anti-Malware Signature Updates', 'Configure automatic updates for anti-malware signature files on all enterprise assets.', 'Protect', 10, 2, 'Devices'),
(81, NULL, '2022-01-31 15:46:52', NULL, '2022-01-31 15:46:52', NULL, NULL, '10.3', 'Disable Autorun and Autoplay for Removable Media', 'Disable autorun and autoplay auto-execute functionality for removable media.', 'Protect', 10, 2, 'Devices'),
(82, NULL, '2022-01-31 15:46:52', NULL, '2022-01-31 15:46:52', NULL, NULL, '10.4', 'Configure Automatic Anti-Malware Scanning of Removable Media', 'Configure anti-malware software to automatically scan removable media.', 'Detect', 10, 2, 'Devices'),
(83, NULL, '2022-01-31 15:46:52', NULL, '2022-01-31 15:46:52', NULL, NULL, '10.5', 'Enable Anti-Exploitation Features', 'Enable anti-exploitation features on enterprise assets and software, where possible, such as Microsoft Data Execution Prevention (DEP), Windows Defender Exploit Guard (WDEG), or Apple System Integrity Protection (SIP) and Gatekeeper.', 'Protect', 10, 2, 'Devices'),
(84, NULL, '2022-01-31 15:46:52', NULL, '2022-01-31 15:46:52', NULL, NULL, '10.6', 'Centrally Manage Anti-Malware Software', 'Centrally manage anti-malware software.', 'Protect', 10, 2, 'Devices'),
(85, NULL, '2022-01-31 15:46:52', NULL, '2022-01-31 15:46:52', NULL, NULL, '10.7', 'Use Behavior-Based Anti-Malware Software', 'Use behavior-based anti-malware software.', 'Detect', 10, 2, 'Devices'),
(86, NULL, '2022-01-31 15:46:52', NULL, '2022-01-31 15:46:52', NULL, NULL, '11.1', 'Establish and Maintain a Data Recovery Process', 'Establish and maintain a data recovery process. In the process, address the scope of data recovery activities, recovery prioritization, and the security of backup data. Review and update documentation annually, or when significant enterprise changes occur that could impact this Safeguard. ', 'Recover', 11, 3, 'Data'),
(87, NULL, '2022-01-31 15:46:52', NULL, '2022-01-31 15:46:52', NULL, NULL, '11.2', 'Perform Automated Backups', 'Perform automated backups of in-scope enterprise assets. Run backups weekly, or more frequently, based on the sensitivity of the data.', 'Recover', 11, 3, 'Data'),
(88, NULL, '2022-01-31 15:46:52', NULL, '2022-01-31 15:46:52', NULL, NULL, '11.3', 'Protect Recovery Data', 'Protect recovery data with equivalent controls to the original data. Reference encryption or data separation, based on requirements.', 'Protect', 11, 3, 'Data'),
(89, NULL, '2022-01-31 15:46:52', NULL, '2022-01-31 15:46:52', NULL, NULL, '11.4', 'Establish and Maintain an Isolated Instance of Recovery Data', 'Establish and maintain an isolated instance of recovery data. Example implementations include, version controlling backup destinations through offline, cloud, or off-site systems or services.', 'Recover', 11, 3, 'Data'),
(90, NULL, '2022-01-31 15:46:52', NULL, '2022-01-31 15:46:52', NULL, NULL, '11.5', 'Test Data Recovery', 'Test backup recovery quarterly, or more frequently, for a sampling of in-scope enterprise assets.', 'Recover', 11, 3, 'Data'),
(91, NULL, '2022-01-31 15:46:52', NULL, '2022-01-31 15:46:52', NULL, NULL, '12.1', 'Ensure Network Infrastructure is Up-to-Date', 'Ensure network infrastructure is kept up-to-date. Example implementations include running the latest stable release of software and/or using currently supported network-as-a-service (NaaS) offerings. Review software versions monthly, or more frequently, to verify software support.', 'Protect', 12, 10, 'Network'),
(92, NULL, '2022-01-31 15:46:52', NULL, '2022-01-31 15:46:52', NULL, NULL, '12.2', 'Establish and Maintain a Secure Network Architecture', 'Establish and maintain a secure network architecture. A secure network architecture must address segmentation, least privilege, and availability, at a minimum.', 'Protect', 12, 10, 'Network'),
(93, NULL, '2022-01-31 15:46:52', NULL, '2022-01-31 15:46:52', NULL, NULL, '12.3', 'Securely Manage Network Infrastructure', 'Securely manage network infrastructure. Example implementations include version-controlled-infrastructure-as-code, and the use of secure network protocols, such as SSH and HTTPS. ', 'Protect', 12, 10, 'Network'),
(94, NULL, '2022-01-31 15:46:52', NULL, '2022-01-31 15:46:52', NULL, NULL, '12.4', 'Establish and Maintain Architecture Diagram(s)', 'Establish and maintain architecture diagram(s) and/or other network system documentation. Review and update documentation annually, or when significant enterprise changes occur that could impact this Safeguard.', 'Identify', 12, 10, 'Network'),
(95, NULL, '2022-01-31 15:46:52', NULL, '2022-01-31 15:46:52', NULL, NULL, '12.5', 'Centralize Network Authentication, Authorization, and Auditing (AAA)', 'Centralize network AAA.', 'Protect', 12, 10, 'Network'),
(96, NULL, '2022-01-31 15:46:52', NULL, '2022-01-31 15:46:52', NULL, NULL, '12.6', 'Use of Secure Network Management and Communication Protocols', 'Use secure network management and communication protocols (e.g., 802.1X, Wi-Fi Protected Access 2 (WPA2) Enterprise or greater).', 'Protect', 12, 10, 'Network'),
(97, NULL, '2022-01-31 15:46:52', NULL, '2022-01-31 15:46:52', NULL, NULL, '12.7', 'Ensure Remote Devices Utilize a VPN and are Connecting to an Enterprises AAA Infrastructure', 'Require users to authenticate to enterprise-managed VPN and authentication services prior to accessing enterprise resources on end-user devices.', 'Protect', 12, 2, 'Devices'),
(98, NULL, '2022-01-31 15:46:52', NULL, '2022-01-31 15:46:52', NULL, NULL, '12.8', 'Establish and Maintain Dedicated Computing Resources for All Administrative Work', 'Establish and maintain dedicated computing resources, either physically or logically separated, for all administrative tasks or tasks requiring administrative access. The computing resources should be segmented from the enterprise`s primary network and not be allowed internet access.', 'Protect', 12, 2, 'Devices'),
(99, NULL, '2022-01-31 15:46:52', NULL, '2022-01-31 15:46:52', NULL, NULL, '13.1', 'Centralize Security Event Alerting', 'Centralize security event alerting across enterprise assets for log correlation and analysis. Best practice implementation requires the use of a SIEM, which includes vendor-defined event correlation alerts. A log analytics platform configured with security-relevant correlation alerts also satisfies this Safeguard.', 'Detect', 13, 10, 'Network'),
(100, NULL, '2022-01-31 15:46:52', NULL, '2022-01-31 15:46:52', NULL, NULL, '13.2', 'Deploy a Host-Based Intrusion Detection Solution', 'Deploy a host-based intrusion detection solution on enterprise assets, where appropriate and/or supported.', 'Detect', 13, 2, 'Devices'),
(101, NULL, '2022-01-31 15:46:52', NULL, '2022-01-31 15:46:52', NULL, NULL, '13.3', 'Deploy a Network Intrusion Detection Solution', 'Deploy a network intrusion detection solution on enterprise assets, where appropriate. Example implementations include the use of a Network Intrusion Detection System (NIDS) or equivalent cloud service provider (CSP) service.', 'Detect', 13, 10, 'Network'),
(102, NULL, '2022-01-31 15:46:52', NULL, '2022-01-31 15:46:52', NULL, NULL, '13.4', 'Perform Traffic Filtering Between Network Segments', 'Perform traffic filtering between network segments, where appropriate.', 'Protect', 13, 10, 'Network'),
(103, NULL, '2022-01-31 15:46:52', NULL, '2022-01-31 15:46:52', NULL, NULL, '13.5', 'Manage Access Control for Remote Assets', 'Manage access control for assets remotely connecting to enterprise resources. Determine amount of access to enterprise resources based on: up-to-date anti-malware software installed, configuration compliance with the enterprises secure configuration process, and ensuring the operating system and applications are up-to-date.	 ', 'Protect', 13, 2, 'Devices'),
(104, NULL, '2022-01-31 15:46:52', NULL, '2022-01-31 15:46:52', NULL, NULL, '13.6', 'Collect Network Traffic Flow Logs ', 'Collect network traffic flow logs and/or network traffic to review and alert upon from network devices.', 'Detect', 13, 10, 'Network'),
(105, NULL, '2022-01-31 15:46:52', NULL, '2022-01-31 15:46:52', NULL, NULL, '13.7', 'Deploy a Host-Based Intrusion Prevention Solution', ' Deploy a host-based intrusion prevention solution on enterprise assets, where appropriate and/or supported. Example implementations include use of an Endpoint Detection and Response (EDR) client or host-based IPS agent.', 'Protect', 13, 2, 'Devices'),
(106, NULL, '2022-01-31 15:46:52', NULL, '2022-01-31 15:46:52', NULL, NULL, '13.8', 'Deploy a Network Intrusion Prevention Solution', 'Deploy a network intrusion prevention solution, where appropriate. Example implementations include the use of a Network Intrusion Prevention System (NIPS) or equivalent CSP service.', 'Protect', 13, 10, 'Network'),
(107, NULL, '2022-01-31 15:46:52', NULL, '2022-01-31 15:46:52', NULL, NULL, '13.9', 'Deploy Port-Level Access Control', 'Deploy port-level access control. Port-level access control utilizes 802.1x, or similar network access control protocols, such as certificates, and may incorporate user and/or device authentication.', 'Protect', 13, 2, 'Devices'),
(108, NULL, '2022-01-31 15:46:52', NULL, '2022-01-31 15:46:52', NULL, NULL, '13.1', 'Perform Application Layer Filtering', 'Perform application layer filtering. Example implementations include a filtering proxy, application layer firewall, or gateway.', 'Protect', 13, 10, 'Network'),
(109, NULL, '2022-01-31 15:46:52', NULL, '2022-01-31 15:46:52', NULL, NULL, '13.11', 'Tune Security Event Alerting Thresholds', 'Tune security event alerting thresholds monthly, or more frequently.', 'Detect', 13, 10, 'Network'),
(110, NULL, '2022-01-31 15:46:52', NULL, '2022-01-31 15:46:52', NULL, NULL, '14.1', 'Establish and Maintain a Security Awareness Program', 'Establish and maintain a security awareness program. The purpose of a security awareness program is to educate the enterprises workforce on how to interact with enterprise assets and data in a secure manner. Conduct training at hire and, at a minimum, annually. Review and update content annually, or when significant enterprise changes occur that could impact this Safeguard.', 'Protect', 14, NULL, 'N/A'),
(111, NULL, '2022-01-31 15:46:52', NULL, '2022-01-31 15:46:52', NULL, NULL, '14.2', 'Train Workforce Members to Recognize Social Engineering Attacks', 'Train workforce members to recognize social engineering attacks, such as phishing, pre-texting, and tailgating.', 'Protect', 14, NULL, 'N/A'),
(112, NULL, '2022-01-31 15:46:52', NULL, '2022-01-31 15:46:52', NULL, NULL, '14.3', 'Train Workforce Members on Authentication Best Practices', 'Train workforce members on authentication best practices. Example topics include MFA, password composition, and credential management.', 'Protect', 14, NULL, 'N/A'),
(113, NULL, '2022-01-31 15:46:52', NULL, '2022-01-31 15:46:52', NULL, NULL, '14.4', 'Train Workforce on Data Handling Best Practices', 'Train workforce members on how to identify and properly store, transfer, archive, and destroy sensitive data. This also includes training workforce members on clear screen and desk best practices, such as locking their screen when they step away from their enterprise asset, erasing physical and virtual whiteboards at the end of meetings, and storing data and assets securely.', 'Protect', 14, NULL, 'N/A'),
(114, NULL, '2022-01-31 15:46:52', NULL, '2022-01-31 15:46:52', NULL, NULL, '14.5', 'Train Workforce Members on Causes of Unintentional Data Exposure', 'Train workforce members to be aware of causes for unintentional data exposure. Example topics include mis-delivery of sensitive data, losing a portable end-user device, or publishing data to unintended audiences.', 'Protect', 14, NULL, 'N/A'),
(115, NULL, '2022-01-31 15:46:52', NULL, '2022-01-31 15:46:52', NULL, NULL, '14.6', 'Train Workforce Members on Recognizing and Reporting Security Incidents', 'Train workforce members to be able to recognize a potential incident and be able to report such an incident.', 'Protect', 14, NULL, 'N/A'),
(116, NULL, '2022-01-31 15:46:52', NULL, '2022-01-31 15:46:52', NULL, NULL, '14.7', 'Train Workforce on How to Identify and Report if Their Enterprise Assets are Missing Security Updates', 'Train workforce to understand how to verify and report out-of-date software patches or any failures in automated processes and tools. Part of this training should include notifying IT personnel of any failures in automated processes and tools.', 'Protect', 14, NULL, 'N/A'),
(117, NULL, '2022-01-31 15:46:52', NULL, '2022-01-31 15:46:52', NULL, NULL, '14.8', 'Train Workforce on the Dangers of Connecting to and Transmitting Enterprise Data Over Insecure Networks', 'Train workforce members on the dangers of connecting to, and transmitting data over, insecure networks for enterprise activities. If the enterprise has remote workers, training must include guidance to ensure that all users securely configure their home network infrastructure.', 'Protect', 14, NULL, 'N/A'),
(118, NULL, '2022-01-31 15:46:52', NULL, '2022-01-31 15:46:52', NULL, NULL, '14.9', 'Conduct Role-Specific Security Awareness and Skills Training', 'Conduct role-specific security awareness and skills training. Example implementations include secure system administration courses for IT professionals, OWASP Top 10 vulnerability awareness and prevention training for web application developers, and advanced social engineering awareness training for high-profile roles.', 'Protect', 14, NULL, 'N/A'),
(119, NULL, '2022-01-31 15:46:52', NULL, '2022-01-31 15:46:52', NULL, NULL, '15.1', 'Establish and Maintain an Inventory of Service Providers', 'Establish and maintain an inventory of service providers. The inventory is to list all known service providers, include classification(s), and designate an enterprise contact for each service provider. Review and update the inventory annually, or when significant enterprise changes occur that could impact this Safeguard. ', 'Identify', 15, NULL, 'N/A'),
(120, NULL, '2022-01-31 15:46:52', NULL, '2022-01-31 15:46:52', NULL, NULL, '15.2', 'Establish and Maintain a Service Provider Management Policy', 'Establish and maintain a service provider management policy. Ensure the policy addresses the classification, inventory, assessment, monitoring, and decommissioning of service providers. Review and update the policy annually, or when significant enterprise changes occur that could impact this Safeguard.', 'Identify', 15, NULL, 'N/A'),
(121, NULL, '2022-01-31 15:46:52', NULL, '2022-01-31 15:46:52', NULL, NULL, '15.3', 'Classify Service Providers', 'Classify service providers. Classification consideration may include one or more characteristics, such as data sensitivity, data volume, availability requirements, applicable regulations, inherent risk, and mitigated risk. Update and review classifications annually, or when significant enterprise changes occur that could impact this Safeguard.', 'Identify', 15, NULL, 'N/A'),
(122, NULL, '2022-01-31 15:46:52', NULL, '2022-01-31 15:46:52', NULL, NULL, '15.4', 'Ensure Service Provider Contracts Include Security Requirements', 'Ensure service provider contracts include security requirements. Example requirements may include minimum security program requirements, security incident and/or data breach notification and response, data encryption requirements, and data disposal commitments. These security requirements must be consistent with the enterprises service provider management policy. Review service provider contracts annually to ensure contracts are not missing security requirements.', 'Protect', 15, NULL, 'N/A'),
(123, NULL, '2022-01-31 15:46:52', NULL, '2022-01-31 15:46:52', NULL, NULL, '15.5', 'Assess Service Providers', 'Assess service providers consistent with the enterprises service provider management policy. Assessment scope may vary based on classification(s), and may include review of standardized assessment reports, such as Service Organization Control 2 (SOC 2) and Payment Card Industry (PCI) Attestation of Compliance (AoC), customized questionnaires, or other appropriately rigorous processes. Reassess service providers annually, at a minimum, or with new and renewed contracts.', 'Identify', 15, NULL, 'N/A'),
(124, NULL, '2022-01-31 15:46:52', NULL, '2022-01-31 15:46:52', NULL, NULL, '15.6', 'Monitor Service Providers', 'Monitor service providers consistent with the enterprises service provider management policy. Monitoring may include periodic reassessment of service provider compliance, monitoring service provider release notes, and dark web monitoring.', 'Detect', 15, 3, 'Data'),
(125, NULL, '2022-01-31 15:46:52', NULL, '2022-01-31 15:46:52', NULL, NULL, '15.7', 'Securely Decommission Service Providers', 'Securely decommission service providers. Example considerations include user and service account deactivation, termination of data flows, and secure disposal of enterprise data within service provider systems. ', 'Protect', 15, 3, 'Data'),
(126, NULL, '2022-01-31 15:46:52', NULL, '2022-01-31 15:46:52', NULL, NULL, '16.1', 'Establish and Maintain a Secure Application DevelopmentProcess', 'Establish and maintain a secure application development process. In the process, address such items as: secure application design standards, secure coding practices, developer training, vulnerability management, security of third-party code, and application security testing procedures. Review and update documentation annually, or when significant enterprise changes occur that could impact this Safeguard.', 'Protect', 16, 8, 'Applications'),
(127, NULL, '2022-01-31 15:46:52', NULL, '2022-01-31 15:46:52', NULL, NULL, '16.2', 'Establish and Maintain a Process to Accept and Address Software Vulnerabilities', 'Establish and maintain a process to accept and address reports of software vulnerabilities, including providing a means for external entities to report.The process is to include such items as: a vulnerability handling policy that identifies reporting process, responsible party for handling vulnerability reports, and a process for intake, assignment, remediation, and remediation testing.As part of the process, use a vulnerability tracking system that includes severity ratings, and metrics for measuring timing for identification, analysis, and remediation of vulnerabilities.Review and update documentation annually, or when significant enterprise changes occur that could impact this Safeguard.Third-party application developers need to consider this an externally-facing policy that helps to set expectations for outside stakeholders. ', 'Protect', 16, 8, 'Applications'),
(128, NULL, '2022-01-31 15:46:52', NULL, '2022-01-31 15:46:52', NULL, NULL, '16.3', 'Perform Root Cause Analysis on Security Vulnerabilities', 'Perform root cause analysis on security vulnerabilities. When reviewing vulnerabilities, root cause analysis is the task of evaluating underlying issues that create vulnerabilities in code, and allows development teams to move beyond just fixing individual vulnerabilities as they arise.', 'Protect', 16, 8, 'Applications'),
(129, NULL, '2022-01-31 15:46:52', NULL, '2022-01-31 15:46:52', NULL, NULL, '16.4', 'Establish and Manage an Inventory of Third-Party Software Components', 'Establish and manage an updated inventory of third-party components used in development, often referred to as a bill of materials, as well as components slated for future use.This inventory is to include any risks that each third-party component could pose.Evaluate the list at least monthly to identify any changes or updates to these components, and validate that the component is still supported.', 'Protect', 16, 8, 'Applications'),
(130, NULL, '2022-01-31 15:46:52', NULL, '2022-01-31 15:46:52', NULL, NULL, '16.5', 'Use Up-to-Date and Trusted Third-Party Software Components', 'Use up-to-date and trusted third-party software components. When possible, choose established and proven frameworks and libraries that provide adequate security.Acquire these components from trusted sources or evaluate the software for vulnerabilities before use.', 'Protect', 16, 8, 'Applications');

INSERT INTO `cis_control` (`id`, `created_by`, `created_on`, `modified_by`, `modified_on`, `short_order`, `version`, `code`, `title`, `description`, `security_function`, `cis_control_category_id`, `asset_type_group_id`, `cis_asset_type`) VALUES
(131, NULL, '2022-01-31 15:46:52', NULL, '2022-01-31 15:46:52', NULL, NULL, '16.6', 'Establish and Maintain a Severity Rating System and Process for Application Vulnerabilities', 'Establish and maintain a severity rating system and process for application vulnerabilities that facilitates prioritizing the order in which discovered vulnerabilities are fixed. This process includes setting a minimum level of security acceptability for releasing code or applications. Severity ratings bring a systematic way of triaging vulnerabilities that improves risk management and helps ensure the most severe bugs are fixed first. Review and update the system and process annually.', 'Protect', 16, 8, 'Applications'),
(132, NULL, '2022-01-31 15:46:52', NULL, '2022-01-31 15:46:52', NULL, NULL, '16.7', 'Use Standard Hardening Configuration Templates for Application Infrastructure', 'Use standard, industry-recommended hardening configuration templates for application infrastructure components. This includes underlying servers, databases, and web servers, and applies to cloud containers, Platform as a Service (PaaS) components, and SaaS components. Do not allow in-house developed software to weaken configuration hardening.', 'Protect', 16, 8, 'Applications'),
(133, NULL, '2022-01-31 15:46:52', NULL, '2022-01-31 15:46:52', NULL, NULL, '16.8', 'Separate Production and Non-Production Systems', 'Maintain separate environments for production and non-production systems.', 'Protect', 16, 8, 'Applications'),
(134, NULL, '2022-01-31 15:46:52', NULL, '2022-01-31 15:46:52', NULL, NULL, '16.9', 'Train Developers in Application Security Concepts and Secure Coding', 'Ensure that all software development personnel receive training in writing secure code for their specific development environment and responsibilities. Training can include general security principles and application security standard practices. Conduct training at least annually and design in a way to promote security within the development team, and build a culture of security among the developers.', 'Protect', 16, 8, 'Applications'),
(135, NULL, '2022-01-31 15:46:52', NULL, '2022-01-31 15:46:52', NULL, NULL, '16.1', 'Apply Secure Design Principles in Application Architectures', 'Apply secure design principles in application architectures. Secure design principles include the concept of least privilege and enforcing mediation to validate every operation that the user makes, promoting the concept of \"never trust user input.\" Examples include ensuring that explicit error checking is performed and documented for all input, including for size, data type, and acceptable ranges or formats. Secure design also means minimizing the application infrastructure attack surface, such as turning off unprotected ports and services, removing unnecessary programs and files, and renaming or removing default accounts.', 'Protect', 16, 8, 'Applications'),
(136, NULL, '2022-01-31 15:46:52', NULL, '2022-01-31 15:46:52', NULL, NULL, '16.11', 'Leverage Vetted Modules or Services for Application Security Components', 'Leverage vetted modules or services for application security components, such as identity management, encryption, and auditing and logging. Using platform features in critical security functions will reduce developers workload and minimize the likelihood of design or implementation errors. Modern operating systems provide effective mechanisms for identification, authentication, and authorization and make those mechanisms available to applications. Use only standardized, currently accepted, and extensively reviewed encryption algorithms. Operating systems also provide mechanisms to create and maintain secure audit logs.', 'Protect', 16, 8, 'Applications'),
(137, NULL, '2022-01-31 15:46:52', NULL, '2022-01-31 15:46:52', NULL, NULL, '16.12', 'Implement Code-Level Security Checks', 'Apply static and dynamic analysis tools within the application life cycle to verify that secure coding practices are being followed.', 'Protect', 16, 8, 'Applications'),
(138, NULL, '2022-01-31 15:46:52', NULL, '2022-01-31 15:46:52', NULL, NULL, '16.13', 'Conduct Application Penetration Testing', 'Conduct application penetration testing. For critical applications, authenticated penetration testing is better suited to finding business logic vulnerabilities than code scanning and automated security testing.Penetration testing relies on the skill of the tester to manually manipulate an application as an authenticated and unauthenticated user.', 'Protect', 16, 8, 'Applications'),
(139, NULL, '2022-01-31 15:46:52', NULL, '2022-01-31 15:46:52', NULL, NULL, '16.14', 'Conduct Threat Modeling', 'Conduct threat modeling. Threat modeling is the process of identifying and addressing application security design flaws within a design, before code is created. It is conducted through specially trained individuals who evaluate the application design and gauge security risks for each entry point and access level. The goal is to map out the application, architecture, and infrastructure in a structured way to understand its weaknesses.', 'Protect', 16, 8, 'Applications'),
(140, NULL, '2022-01-31 15:46:52', NULL, '2022-01-31 15:46:52', NULL, NULL, '17.1', 'Designate Personnel to Manage Incident Handling', 'Designate one key person, and at least one backup, who will manage the enterprises incident handling process. Management personnel are responsible for the coordination and documentation of incident response and recovery efforts and can consist of employees internal to the enterprise, third-party vendors, or a hybrid approach. If using a third-party vendor, designate at least one person internal to the enterprise to oversee any third-party work. Review annually, or when significant enterprise changes occur that could impact this Safeguard.', 'Respond', 17, NULL, 'N/A'),
(141, NULL, '2022-01-31 15:46:52', NULL, '2022-01-31 15:46:52', NULL, NULL, '17.2', 'Establish and Maintain Contact Information for Reporting Security Incidents', 'Establish and maintain contact information for parties that need to be informed of security incidents. Contacts may include internal staff, third-party vendors, law enforcement, cyber insurance providers, relevant government agencies, Information Sharing and Analysis Center (ISAC) partners, or other stakeholders. Verify contacts annually to ensure that information is up-to-date.', 'Respond', 17, NULL, 'N/A'),
(142, NULL, '2022-01-31 15:46:52', NULL, '2022-01-31 15:46:52', NULL, NULL, '17.3', 'Establish and Maintain an Enterprise Process for Reporting Incidents', 'Establish and maintain an enterprise process for the workforce to report security incidents. The process includes reporting timeframe, personnel to report to, mechanism for reporting, and the minimum information to be reported. Ensure the process is publicly available to all of the workforce. Review annually, or when significant enterprise changes occur that could impact this Safeguard.', 'Respond', 17, NULL, 'N/A'),
(143, NULL, '2022-01-31 15:46:52', NULL, '2022-01-31 15:46:52', NULL, NULL, '17.4', 'Establish and Maintain an Incident Response Process', 'Establish and maintain an incident response process that addresses roles and responsibilities, compliance requirements, and a communication plan. Review annually, or when significant enterprise changes occur that could impact this Safeguard.', 'Respond', 17, NULL, 'N/A'),
(144, NULL, '2022-01-31 15:46:52', NULL, '2022-01-31 15:46:52', NULL, NULL, '17.5', 'Assign Key Roles and Responsibilities', 'Assign key roles and responsibilities for incident response, including staff from legal, IT, information security, facilities, public relations, human resources, incident responders, and analysts, as applicable. Review annually, or when significant enterprise changes occur that could impact this Safeguard.', 'Respond', 17, NULL, 'N/A'),
(145, NULL, '2022-01-31 15:46:52', NULL, '2022-01-31 15:46:52', NULL, NULL, '17.6', 'Define Mechanisms for Communicating During Incident Response', 'Determine which primary and secondary mechanisms will be used to communicate and report during a security incident. Mechanisms can include phone calls, emails, or letters. Keep in mind that certain mechanisms, such as emails, can be affected during a security incident. Review annually, or when significant enterprise changes occur that could impact this Safeguard.', 'Respond', 17, NULL, 'N/A'),
(146, NULL, '2022-01-31 15:46:52', NULL, '2022-01-31 15:46:52', NULL, NULL, '17.7', 'Conduct Routine Incident Response Exercises', 'Plan and conduct routine incident response exercises and scenarios for key personnel involved in the incident response process to prepare for responding to real-world incidents. Exercises need to test communication channels, decision making, and workflows. Conduct testing on an annual basis, at a minimum.', 'Recover', 17, NULL, 'N/A'),
(147, NULL, '2022-01-31 15:46:52', NULL, '2022-01-31 15:46:52', NULL, NULL, '17.8', 'Conduct Post-Incident Reviews', 'Conduct post-incident reviews. Post-incident reviews help prevent incident recurrence through identifying lessons learned and follow-up action.', 'Recover', 17, NULL, 'N/A'),
(148, NULL, '2022-01-31 15:46:52', NULL, '2022-01-31 15:46:52', NULL, NULL, '17.9', 'Establish and Maintain Security Incident Thresholds', 'Establish and maintain security incident thresholds, including, at a minimum, differentiating between an incident and an event. Examples can include: abnormal activity, security vulnerability, security weakness, data breach, privacy incident, etc. Review annually, or when significant enterprise changes occur that could impact this Safeguard.', 'Recover', 17, NULL, 'N/A'),
(149, NULL, '2022-01-31 15:46:52', NULL, '2022-01-31 15:46:52', NULL, NULL, '18.1', 'Establish and Maintain a Penetration Testing Program', 'Establish and maintain a penetration testing program appropriate to the size, complexity, and maturity of the enterprise. Penetration testing program characteristics include scope, such as network, web application, Application Programming Interface (API), hosted services, and physical premise controls; frequency; limitations, such as acceptable hours, and excluded attack types; point of contact information; remediation, such as how findings will be routed internally; and retrospective requirements.', 'Identify', 18, NULL, 'N/A'),
(150, NULL, '2022-01-31 15:46:52', NULL, '2022-01-31 15:46:52', NULL, NULL, '18.2', 'Perform Periodic External Penetration Tests', 'Perform periodic external penetration tests based on program requirements, no less than annually. External penetration testing must include enterprise and environmental reconnaissance to detect exploitable information. Penetration testing requires specialized skills and experience and must be conducted through a qualified party. The testing may be clear box or opaque box.', 'Identify', 18, 10, 'Network'),
(151, NULL, '2022-01-31 15:46:52', NULL, '2022-01-31 15:46:52', NULL, NULL, '18.3', 'Remediate Penetration Test Findings', 'Remediate penetration test findings based on the enterprises policy for remediation scope and prioritization.', 'Protect', 18, 10, 'Network'),
(152, NULL, '2022-01-31 15:46:52', NULL, '2022-01-31 15:46:52', NULL, NULL, '18.4', 'Validate Security Measures', 'Validate security measures after each penetration test. If deemed necessary, modify rulesets and capabilities to detect the techniques used during testing.', 'Protect', 18, 10, 'Network'),
(153, NULL, '2022-01-31 15:46:52', NULL, '2022-01-31 15:46:52', NULL, NULL, '18.5', 'Perform Periodic Internal Penetration Tests', 'Perform periodic internal penetration tests based on program requirements, no less than annually. The testing may be clear box or opaque box.', 'Identify', 18, NULL, 'N/A');

INSERT INTO `cis_control_category` (`id`, `created_by`, `created_on`, `modified_by`, `modified_on`, `version`, `code`, `title`, `description`) VALUES
(1, NULL, '2022-01-31 14:59:15', NULL, '2022-01-31 14:59:15', 0, '1', 'Inventory and Control of Enterprise Assets', 'Actively manage (inventory, track, and correct) all enterprise assets (end-user devices, including portable and mobile; network devices; non-computing/Internet of Things (IoT) devices; and servers) connected to the infrastructure physically, virtually, remotely, and those within cloud environments, to accurately know the totality of assets that need to be monitored and protected within the enterprise. This will also support identifying unauthorized and unmanaged assets to remove or remediate.'),
(2, NULL, '2022-01-31 14:59:15', NULL, '2022-01-31 14:59:15', 0, '2', 'Inventory and Control of Software Assets', 'Actively manage (inventory, track, and correct) all software (operating systems and applications) on the network so that only authorized software is installed and can execute, and that unauthorized and unmanaged software is found and prevented from installation or execution.'),
(3, NULL, '2022-01-31 14:59:15', NULL, '2022-01-31 14:59:15', 0, '3', 'Data Protection', 'Develop processes and technical controls to identify, classify, securely handle, retain, and dispose of data.'),
(4, NULL, '2022-01-31 14:59:15', NULL, '2022-01-31 14:59:15', 0, '4', 'Secure Configuration of Enterprise Assets and Software', 'Establish and maintain the secure configuration of enterprise assets (end-user devices, including portable and mobile; network devices; non-computing/IoT devices; and servers) and software (operating systems and applications).'),
(5, NULL, '2022-01-31 14:59:15', NULL, '2022-01-31 14:59:15', 0, '5', 'Account Management', 'Use processes and tools to assign and manage authorization to credentials for user accounts, including administrator accounts, as well as service accounts, to enterprise assets and software.'),
(6, NULL, '2022-01-31 14:59:15', NULL, '2022-01-31 14:59:15', 0, '6', 'Access Control Management', 'Use processes and tools to create, assign, manage, and revoke access credentials and privileges for user, administrator, and service accounts for enterprise assets and software.'),
(7, NULL, '2022-01-31 14:59:15', NULL, '2022-01-31 14:59:15', 0, '7', 'Continuous Vulnerability Management', 'Develop a plan to continuously assess and track vulnerabilities on all enterprise assets within the enterprises infrastructure, in order to remediate, and minimize, the window of opportunity for attackers. Monitor public and private industry sources for new threat and vulnerability information.'),
(8, NULL, '2022-01-31 14:59:15', NULL, '2022-01-31 14:59:15', 0, '8', 'Audit Log Management', 'Collect, alert, review, and retain audit logs of events that could help detect, understand, or recover from an attack.'),
(9, NULL, '2022-01-31 14:59:15', NULL, '2022-01-31 14:59:15', 0, '9', 'Email and Web Browser Protections', 'Improve protections and detections of threats from email and web vectors, as these are opportunities for attackers to manipulate human behavior through direct engagement.'),
(10, NULL, '2022-01-31 14:59:15', NULL, '2022-01-31 14:59:15', 0, '10', 'Malware Defenses', 'Prevent or control the installation, spread, and execution of malicious applications, code, or scripts on enterprise assets.'),
(11, NULL, '2022-01-31 14:59:15', NULL, '2022-01-31 14:59:15', 0, '11', 'Data Recovery', 'Establish and maintain data recovery practices sufficient to restore in-scope enterprise assets to a pre-incident and trusted state.'),
(12, NULL, '2022-01-31 14:59:15', NULL, '2022-01-31 14:59:15', 0, '12', 'Network Infrastructure Management', 'Establish, implement, and actively manage (track, report, correct) network devices, in order to prevent attackers from exploiting vulnerable network services and access points.'),
(13, NULL, '2022-01-31 14:59:15', NULL, '2022-01-31 14:59:15', 0, '13', 'Network Monitoring and Defense', 'Operate processes and tooling to establish and maintain comprehensive network monitoring and defense against security threats across the enterprises network infrastructure and user base.'),
(14, NULL, '2022-01-31 14:59:15', NULL, '2022-01-31 14:59:15', 0, '14', 'Security Awareness and Skills Training', 'Establish and maintain a security awareness program to influence behavior among the workforce to be security conscious and properly skilled to reduce cybersecurity risks to the enterprise.'),
(15, NULL, '2022-01-31 14:59:15', NULL, '2022-01-31 14:59:15', 0, '15', 'Service Provider Management', 'Develop a process to evaluate service providers who hold sensitive data, or are responsible for an enterprises critical IT platforms or processes, to ensure these providers are protecting those platforms and data appropriately.'),
(16, NULL, '2022-01-31 14:59:15', NULL, '2022-01-31 14:59:15', 0, '16', 'Application Software Security', 'Manage the security life cycle of in-house developed, hosted, or acquired software to prevent, detect, and remediate security weaknesses before they can impact the enterprise.'),
(17, NULL, '2022-01-31 14:59:16', NULL, '2022-01-31 14:59:16', 0, '17', 'Incident Response Management', 'Establish a program to develop and maintain an incident response capability (e.g., policies, plans, procedures, defined roles, training, and communications) to prepare, detect, and quickly respond to an attack.'),
(18, NULL, '2022-01-31 14:59:16', NULL, '2022-01-31 14:59:16', 0, '18', 'Penetration Testing', 'Test the effectiveness and resiliency of enterprise assets through identifying and exploiting weaknesses in controls (people, processes, and technology), and simulating the objectives and actions of an attacker.');

INSERT INTO `intangible_asset` (`id`, `created_by`, `created_on`, `modified_by`, `modified_on`, `short_order`, `version`, `code`, `name`, `description`) VALUES
(1, 1, '2022-03-29 14:30:20', 1, '2022-03-29 14:30:20', NULL, NULL, 'brand', 'Brand', 'A brand is a name, design, symbol, or other feature that distinguishes an organization or product from its rivals in the eyes of the customer.'),
(2, 1, '2022-03-29 14:30:40', 1, '2022-03-29 14:30:40', NULL, NULL, 'data', 'Data', 'Personal data, business data, technical data, etc.'),
(3, 1, '2022-03-29 14:30:55', 1, '2022-03-29 14:30:55', NULL, NULL, 'innovation', 'Innovation', 'Trade/business secrets, industrial process, ongoing R&D innovation projects, etc.'),
(4, 1, '2022-03-29 14:31:16', 1, '2022-03-29 14:31:16', NULL, NULL, 'intellectual_property', 'Intellectual Property', 'Existing copyrights, patents, blueprints, etc.'),
(5, 1, '2022-03-29 14:31:45', 1, '2022-03-29 14:31:45', NULL, NULL, 'key_competences_and_human_capital', 'Key Competences and Human capital', 'Firm\'s personnel technical and business key competences, firm\'s personnel soft-skills, etc.'),
(6, 1, '2022-03-29 14:32:07', 1, '2022-03-29 14:32:07', NULL, NULL, 'organizational_capital', 'Organizational Capital', 'Digital supported process, non-digitised functional and inter-functional processes, etc.'),
(7, 1, '2022-03-29 14:32:22', 1, '2022-03-29 14:32:22', NULL, NULL, 'reputation', 'Reputation', 'Organisation reputation with clients, stakeholders and firm\'s ecosystems, reputation of managers and employees, cyber-trustworthy, etc.');
